index,rdate,rid,hid,venue,track,going,course,class,distance,rfinishm,rm1,rm2,rm3,rm4,rm5,rm6,horsenum,jname,tname,exweight,bardraw,gear,rating,ratechg,horseweight,horseweightchg,besttime,age,priority,lastsix,rank,runpos,p1,p2,p3,p4,p5,p6,m1,m2,m3,m4,m5,m6,finishm,d1,d2,d3,d4,d5,d6,datediff,pricemoney,windist,win_t5,win,place_t5,place,ind_win,ind_pla
110386,2019-10-16,1,1,HV,TURF,GOOD,C,Class 5,1800,11032,1357,2309,2477,2459,2430,0,V202,C Schofield,K H Ting,133,9,B/XB,37,0,1209,-12,1.50.48,7,+1,10/9/5/1/1/7,5,7-7-8-8-5,7,7,8,8,5,0,1417,2393,2425,2431,2392,0,11058,3.75,9,5.75,4,1.5,0,35,"HK$ 725,000",1-1/2,12.0,17.0,3.7,4.6,0,0
110387,2019-10-16,1,2,HV,TURF,GOOD,C,Class 5,1800,11032,1357,2309,2477,2459,2430,0,C251,J Moreira,C Fownes,133,2,,37,0,1171,-25,,4,1,3/3/9/5/9/9,4,6-5-5-6-4,6,5,5,6,4,0,1393,2345,2461,2447,2402,0,11048,2.25,4.5,3.5,2.75,1.0,0,10,"HK$ 725,000",1,2.3,2.4,1.4,1.2,0,0
110388,2019-10-16,1,3,HV,TURF,GOOD,C,Class 5,1800,11032,1357,2309,2477,2459,2430,0,V232,A Sanna,K W Lui,131,4,V,35,0,1063,-8,1.50.24,7,1,6/4/5/10/8/8,3,10-10-11-7-3,10,10,11,7,3,0,1473,2397,2405,2379,2392,0,11046,7.25,12.75,8.25,3.25,0.75,0,35,"HK$ 725,000",3/4,6.6,5.4,1.8,1.7,0,1
110389,2019-10-16,1,4,HV,TURF,GOOD,C,Class 5,1800,11032,1357,2309,2477,2459,2430,0,V119,K H Chan,P F Yiu,131,10,B/TT,35,+5,1118,-20,1.49.75,7,1,1/5/12/3/4/10,7,1-1-1-1-7,1,1,1,1,7,0,1357,2309,2477,2459,2465,0,11067,0.5,1.25,SH,0.5,2.25,0,35,"HK$ 725,000",2-1/4,13.0,11.0,3.5,3.1,0,0
110390,2019-10-16,1,5,HV,TURF,GOOD,C,Class 5,1800,11032,1357,2309,2477,2459,2430,0,V207,K C Leung,L Ho,129,5,H/SR,33,-2,1165,+5,1.50.73,7,1,12/4/9/11/7/2,1,3-4-3-2-1,3,4,3,2,1,0,1365,2357,2445,2443,2422,0,11032,0.5,3.5,1.5,0.5,SH,0,10,"HK$ 725,000",SH,12.0,9.3,2.7,3.2,1,1
110391,2019-10-16,1,6,HV,TURF,GOOD,C,Class 5,1800,11032,1357,2309,2477,2459,2430,0,B448,B Shinn,C H Yip,127,8,B2,31,-10,1208,+29,,4,1,14/13/10/12/13/10,11,9-9-10-10-11,9,9,10,10,11,0,1445,2409,2409,2419,2452,0,11134,5.5,11.75,7.5,5,6.5,0,101,"HK$ 725,000",6-1/2,24.0,36.0,6.3,9.8,0,0
110392,2019-10-16,1,7,HV,TURF,GOOD,C,Class 5,1800,11032,1357,2309,2477,2459,2430,0,A285,C Y Ho,K L Man,126,7,,30,0,1039,+13,1.50.20,5,1,7/7/9/10/10/9,10,2-2-2-3-10,2,2,2,3,10,0,1365,2321,2457,2467,2499,0,11109,0.5,1.25,SH,0.5,4.75,0,35,"HK$ 725,000",4-3/4,13.0,16.0,3.6,4.2,0,0
110393,2019-10-16,1,8,HV,TURF,GOOD,C,Class 5,1800,11032,1357,2309,2477,2459,2430,0,B134,L Hewitson,P O'Sullivan,119,3,B,23,+2,1121,-5,,5,1,2/8/12/2/8/4,9,4-3-4-4-9,4,3,4,4,9,0,1369,2333,2469,2451,2480,0,11102,0.75,2.25,1.75,1.25,4.25,0,10,"HK$ 725,000",4-1/4,6.7,8.0,2.2,2.4,0,0
110394,2019-10-16,1,9,HV,TURF,GOOD,C,Class 5,1800,11032,1357,2309,2477,2459,2430,0,B231,H W Lai,Y S Tsui,117,6,B-/H1/P2,21,-2,1024,-32,,5,1,9/7/10/4/6/6,8,5-6-6-9-8,5,6,6,9,8,0,1389,2377,2453,2451,2418,0,11088,2.0,6.25,4.75,4.25,3.5,0,7,"HK$ 725,000",3-1/2,39.0,52.0,8.6,12.0,0,0
110395,2019-10-16,1,10,HV,TURF,GOOD,C,Class 5,1800,11032,1357,2309,2477,2459,2430,0,B292,H N Wong,D E Ferraris,116,1,B,20,-1,1229,+6,1.50.90,5,1,6/7/9/10/10/10,6,8-8-9-11-6,8,8,9,11,6,0,1445,2397,2413,2439,2366,0,11060,5.5,11,7,5.75,1.75,0,10,"HK$ 725,000",1-3/4,13.0,12.0,3.8,2.9,0,0
110396,2019-10-16,1,11,HV,TURF,GOOD,C,Class 5,1800,11032,1357,2309,2477,2459,2430,0,B107,M L Yeung,C W Chang,113,11,H/TT2,17,-2,1093,-4,1.50.37,6,+1,9/9/6/3/9/4,2,11-11-7-5-2,11,11,7,5,2,0,1477,2405,2353,2407,2391,0,11033,7.5,13.5,5.75,2.5,SH,0,10,"HK$ 725,000",SH,28.0,21.0,6.5,4.4,0,1
110397,2019-10-16,2,1,HV,TURF,GOOD,C,Class 4,1000,5718,1264,2145,2309,0,0,0,B359,Z Purton,W Y So,133,6,H/TT,60,+2,1169,0,0.57.33,4,+1,2/2,6,1-2-6,1,2,6,0,0,0,1264,2173,2327,0,0,0,5764,N,1.75,2.75,0,0,0,35,"HK$ 967,000",2-3/4,1.9,1.9,1.1,1.2,0,0
110398,2019-10-16,2,2,HV,TURF,GOOD,C,Class 4,1000,5718,1264,2145,2309,0,0,0,V123,J Moreira,Y S Tsui,130,9,V,57,-1,1050,-23,0.57.11,6,*1,12/3/4/4/2/3,9,2-1-9,2,1,9,0,0,0,1268,2141,2379,0,0,0,5788,N,1.75,4.5,0,0,0,35,"HK$ 967,000",4-1/2,12.0,6.3,3.0,2.0,0,0
110399,2019-10-16,2,3,HV,TURF,GOOD,C,Class 4,1000,5718,1264,2145,2309,0,0,0,C322,K C Leung,K L Man,128,3,,55,-2,1091,+10,,4,+1,8/14/11/12/12/13,8,6-6-8,6,6,8,0,0,0,1296,2189,2298,0,0,0,5783,2,4.75,4,0,0,0,25,"HK$ 967,000",4,35.0,54.0,6.8,11.0,0,0
110400,2019-10-16,2,4,HV,TURF,GOOD,C,Class 4,1000,5718,1264,2145,2309,0,0,0,A088,H T Mo,C H Yip,127,1,,54,0,1033,+2,0.57.87,6,*1,7/8/11/3/7/3,10,10-11-10,10,11,10,0,0,0,1324,2217,2276,0,0,0,5817,3.75,8.25,6.25,0,0,0,35,"HK$ 967,000",6-1/4,11.0,13.0,2.7,2.6,0,0
110401,2019-10-16,2,5,HV,TURF,GOOD,C,Class 4,1000,5718,1264,2145,2309,0,0,0,C455,H W Lai,L Ho,125,4,H,52,0,1154,0,,4,1,9,11,12-12-11,12,12,11,0,0,0,1344,2229,2251,0,0,0,5824,5,10.25,6.75,0,0,0,15,"HK$ 967,000",6-3/4,74.0,93.0,14.0,18.0,0,0
110402,2019-10-16,2,6,HV,TURF,GOOD,C,Class 4,1000,5718,1264,2145,2309,0,0,0,B332,K Teetan,A T Millard,123,12,B/TT,50,+1,1206,+30,0.57.52,5,+1,3/8/10/10/7/3,5,7-7-5,7,7,5,0,0,0,1296,2201,2258,0,0,0,5755,2,5.5,2.25,0,0,0,35,"HK$ 967,000",2-1/4,14.0,12.0,4.2,3.3,0,0
110403,2019-10-16,2,7,HV,TURF,GOOD,C,Class 4,1000,5718,1264,2145,2309,0,0,0,C329,G van Niekerk,J Moore,121,7,,48,-2,1036,+6,,3,+1,6/4/3/3,1,3-3-1,3,3,1,0,0,0,1280,2169,2269,0,0,0,5718,1,2.5,0.5,0,0,0,25,"HK$ 967,000",1/2,14.0,18.0,3.7,4.8,1,1
110404,2019-10-16,2,8,HV,TURF,GOOD,C,Class 4,1000,5718,1264,2145,2309,0,0,0,C390,L Hewitson,D E Ferraris,121,8,TT1,48,,1026,-16,,3,*1,5/5,12,9-9-12,9,9,12,0,0,0,1312,2217,2301,0,0,0,5830,3,7.5,7,0,0,0,101,"HK$ 967,000",7,62.0,91.0,14.0,20.0,0,0
110405,2019-10-16,2,9,HV,TURF,GOOD,C,Class 4,1000,5718,1264,2145,2309,0,0,0,C239,M Chadwick,P O'Sullivan,118,5,XB1,45,-3,1193,+11,,4,+1,8/7/9/10,2,8-8-2,8,8,2,0,0,0,1308,2201,2217,0,0,0,5726,2.75,6.25,0.5,0,0,0,94,"HK$ 967,000",1/2,9.2,13.0,2.5,3.2,0,1
110406,2019-10-16,2,10,HV,TURF,GOOD,C,Class 4,1000,5718,1264,2145,2309,0,0,0,B263,C Y Ho,D J Hall,115,10,CP-,42,-4,1047,+27,0.56.97,4,*1,9/7/2/5/9/8,4,11-10-4,11,10,4,0,0,0,1328,2201,2212,0,0,0,5741,4,7.5,1.5,0,0,0,98,"HK$ 967,000",1-1/2,17.0,18.0,4.3,3.7,0,0
110407,2019-10-16,2,11,HV,TURF,GOOD,C,Class 4,1000,5718,1264,2145,2309,0,0,0,B466,M F Poon,P F Yiu,115,11,B,42,-2,1116,-4,0.58.54,4,+1,12/10/9/12/5,3,4-5-3,4,5,3,0,0,0,1288,2189,2256,0,0,0,5733,1.5,4.25,0.75,0,0,0,25,"HK$ 967,000",3/4,62.0,59.0,14.0,12.0,0,1
110408,2019-10-16,2,12,HV,TURF,GOOD,C,Class 4,1000,5718,1264,2145,2309,0,0,0,B381,C Schofield,R Gibson,115,2,B/TT,42,+5,1154,+13,0.57.79,5,1,1/11/4/4/12/10,7,5-4-7,5,4,7,0,0,0,1292,2169,2318,0,0,0,5779,1.75,3.25,3.75,0,0,0,35,"HK$ 967,000",3-3/4,6.5,6.4,1.9,1.6,0,0
110409,2019-10-16,3,1,HV,TURF,GOOD,C,Class 4,1650,10028,2813,2445,2443,2327,0,0,T029,T H So,C H Yip,132,4,H/XB,58,-2,1174,-10,1.40.04,8,2,8/9/12/5/1/4,6,12-11-11-6,12,11,11,6,0,0,2941,2429,2431,2281,0,0,10082,8,7,6.25,3.25,0,0,10,"HK$ 967,000",3-1/4,33.0,46.0,7.9,10.0,0,0
110410,2019-10-16,3,2,HV,TURF,GOOD,C,Class 4,1650,10028,2813,2445,2443,2327,0,0,C426,U Rispoli,R Gibson,131,5,XB,57,0,1064,-2,,3,2,6,7,10-8-10-7,10,8,10,7,0,0,2905,2433,2443,2309,0,0,10090,5.75,5,5,4,0,0,15,"HK$ 967,000",4,14.0,22.0,5.1,7.0,0,0
110411,2019-10-16,3,3,HV,TURF,GOOD,C,Class 4,1650,10028,2813,2445,2443,2327,0,0,T093,A Sanna,D E Ferraris,130,2,,56,-4,1136,-2,1.39.36,8,1,12/6/8/5/5/8,2,3-3-5-2,3,3,5,2,0,0,2837,2445,2447,2334,0,0,10063,1.5,1.5,1.75,2.25,0,0,101,"HK$ 967,000",2-1/4,8.0,11.0,2.0,2.6,0,1
110412,2019-10-16,3,4,HV,TURF,GOOD,C,Class 4,1650,10028,2813,2445,2443,2327,0,0,A247,N Callan,R Gibson,129,8,H/P/TT,55,-1,1082,+11,1.39.89,5,*1,5/5/7/1/7/9,11,4-2-4-11,4,2,4,11,0,0,2841,2429,2451,2392,0,0,10113,1.75,0.75,1.25,5.25,0,0,21,"HK$ 967,000",5-1/4,9.0,12.0,2.8,3.4,0,0
110413,2019-10-16,3,5,HV,TURF,GOOD,C,Class 4,1650,10028,2813,2445,2443,2327,0,0,A189,L Hewitson,D E Ferraris,125,11,B/TT,51,-2,1067,+16,1.39.88,6,2,10/10/11/4/2/5,10,11-12-12-10,11,12,12,10,0,0,2921,2461,2419,2309,0,0,10110,6.75,7.75,6.25,5.25,0,0,15,"HK$ 967,000",5-1/4,40.0,50.0,11.0,12.0,0,0
110414,2019-10-16,3,6,HV,TURF,GOOD,C,Class 4,1650,10028,2813,2445,2443,2327,0,0,B460,Z Purton,C Fownes,125,10,H/P,51,-2,1123,+15,1.40.38,4,+1,5/7/10/3/1/6,3,9-10-2-3,9,10,2,3,0,0,2901,2461,2343,2361,0,0,10065,5.5,6.5,N,2.25,0,0,15,"HK$ 967,000",2-1/4,5.3,5.1,2.3,1.6,0,1
110415,2019-10-16,3,7,HV,TURF,GOOD,C,Class 4,1650,10028,2813,2445,2443,2327,0,0,B455,K C Leung,W Y So,122,3,,48,-2,956,-18,,4,*1,11/13/4/12/9,12,5-6-8-12,5,6,8,12,0,0,2853,2469,2451,2382,0,0,10155,2.5,4,4.5,8,0,0,25,"HK$ 967,000",8,38.0,61.0,9.5,13.0,0,0
110416,2019-10-16,3,8,HV,TURF,GOOD,C,Class 4,1650,10028,2813,2445,2443,2327,0,0,B426,M F Poon,C H Yip,121,6,,47,-1,1059,-1,,4,+1,8/9/6/11/3/11,5,2-4-6-5,2,4,6,5,0,0,2829,2465,2455,2322,0,0,10071,1,2.25,3,2.75,0,0,31,"HK$ 967,000",2-3/4,15.0,18.0,5.5,4.5,0,0
110417,2019-10-16,3,9,HV,TURF,GOOD,C,Class 4,1650,10028,2813,2445,2443,2327,0,0,V341,C Y Ho,A S Cruz,119,12,V/TT,45,0,1145,-8,1.40.28,7,*1,7/5/2/3/9/5,8,6-7-3-8,6,7,3,8,0,0,2865,2465,2375,2388,0,0,10093,3.25,4.5,N,4,0,0,38,"HK$ 967,000",4,15.0,21.0,4.9,5.9,0,0
110418,2019-10-16,3,10,HV,TURF,GOOD,C,Class 4,1650,10028,2813,2445,2443,2327,0,0,A083,H T Mo,Y S Tsui,118,1,,44,+5,1029,-11,1.40.11,7,1,1/5/8/11/6/10,9,1-1-1-9,1,1,1,9,0,0,2813,2445,2443,2406,0,0,10107,1,0.75,N,5,0,0,10,"HK$ 967,000",5,7.3,5.0,2.3,1.6,0,0
110419,2019-10-16,3,11,HV,TURF,GOOD,C,Class 4,1650,10028,2813,2445,2443,2327,0,0,A419,K Teetan,A T Millard,116,7,,42,-2,1182,0,1.39.92,6,1,10/6/5/9/2/1,1,8-5-7-1,8,5,7,1,0,0,2873,2441,2443,2271,0,0,10028,3.75,3.5,3.5,2.25,0,0,21,"HK$ 967,000",2-1/4,13.0,14.0,3.9,3.7,1,1
110420,2019-10-16,3,12,HV,TURF,GOOD,C,Class 4,1650,10028,2813,2445,2443,2327,0,0,B279,J Moreira,D J Hall,115,9,B,41,-1,1154,-3,1.39.30,5,1,4/4/4/4/11/3,3,7-9-9-3,7,9,9,3,0,0,2873,2465,2439,2289,0,0,10065,3.75,5,4.75,2.25,0,0,15,"HK$ 967,000",2-1/4,3.3,2.6,1.3,1.5,0,1
110421,2019-10-16,4,1,HV,TURF,GOOD,C,Class 4,1800,10905,1381,2259,2360,2480,2425,0,A333,B Shinn,C S Shum,133,3,B/TT,56,0,1102,+6,1.49.75,6,1,11/6/1/2/5/7,6,9-9-10-9-6,9,9,10,9,6,0,1449,2291,2380,2432,2431,0,10983,4.25,6.25,7.5,4.5,4.75,0,21,"HK$ 967,000",4-3/4,27.0,15.0,7.4,3.8,0,0
110422,2019-10-16,4,2,HV,TURF,GOOD,C,Class 4,1800,10905,1381,2259,2360,2480,2425,0,C280,K Teetan,A S Cruz,131,7,CP/H/TT,54,+6,1117,+16,1.49.89,4,+1,1/4/6/3/5/8,9,3-1-1-1-9,3,1,1,1,9,0,1393,2247,2360,2480,2544,0,11024,0.75,N,1.75,1,7.5,0,21,"HK$ 967,000",7-1/2,5.5,6.3,2.5,2.2,0,0
110423,2019-10-16,4,3,HV,TURF,GOOD,C,Class 4,1800,10905,1381,2259,2360,2480,2425,0,C089,Z Purton,C Fownes,130,10,B/H,53,0,1163,+20,1.49.12,5,1,4/2/1/3/3/11,11,2-3-3-4-11,2,3,3,4,11,0,1385,2279,2368,2484,2764,0,11280,N,1.5,2,2.25,23.5,0,21,"HK$ 967,000",23-1/2,3.7,3.4,1.9,1.4,0,0
110424,2019-10-16,4,4,HV,TURF,GOOD,C,Class 4,1800,10905,1381,2259,2360,2480,2425,0,A065,U Rispoli,D E Ferraris,127,5,,50,+1,1055,+16,1.49.69,6,1,2/10/6/8/6/7,8,5-6-6-7-8,5,6,6,7,8,0,1401,2295,2384,2456,2471,0,11007,1.25,3.5,5,3.5,6.25,0,21,"HK$ 967,000",6-1/4,6.0,6.5,2.0,1.8,0,0
110425,2019-10-16,4,5,HV,TURF,GOOD,C,Class 4,1800,10905,1381,2259,2360,2480,2425,0,V156,J Moreira,P F Yiu,126,11,V,49,0,1125,+10,1.49.26,7,1,3/4/13/8/7/10,1,4-7-7-8-1,4,7,7,8,1,0,1401,2307,2380,2456,2361,0,10905,1.25,4.25,5.5,4,N,0,21,"HK$ 967,000",N,8.6,11.0,2.9,3.0,1,1
110426,2019-10-16,4,6,HV,TURF,GOOD,C,Class 4,1800,10905,1381,2259,2360,2480,2425,0,B326,L Hewitson,F C Lor,124,2,SR-/TT,47,-2,1023,+10,1.49.34,5,1,5/9/9/9/8/8,4,7-5-5-5-4,7,5,5,5,4,0,1413,2263,2388,2456,2427,0,10947,2,2.25,4,2.5,2.75,0,31,"HK$ 967,000",2-3/4,9.6,14.0,3.1,4.5,0,0
110427,2019-10-16,4,7,HV,TURF,GOOD,C,Class 4,1800,10905,1381,2259,2360,2480,2425,0,V243,H N Wong,C H Yip,122,4,,45,-2,1078,+11,,6,2,12/9/6/9/1/11,10,6-4-4-6-10,6,4,4,6,10,0,1405,2263,2388,2476,2626,0,11158,1.5,1.75,3.5,3.25,15.75,0,15,"HK$ 967,000",15-3/4,59.0,90.0,13.0,22.0,0,0
110428,2019-10-16,4,8,HV,TURF,GOOD,C,Class 4,1800,10905,1381,2259,2360,2480,2425,0,A118,C Schofield,C W Chang,120,9,H,43,0,1119,+9,,6,2,3/8/9/4/4/8,2,11-10-9-3-2,11,10,9,3,2,0,1465,2295,2352,2388,2410,0,10910,5.25,7.5,7,1.25,N,0,10,"HK$ 967,000",N,13.0,9.3,2.6,2.8,0,1
110429,2019-10-16,4,9,HV,TURF,GOOD,C,Class 4,1800,10905,1381,2259,2360,2480,2425,0,V039,C Y Ho,C H Yip,120,8,,43,-2,1007,+2,1.50.04,7,1,5/12/8/10/8/4,3,10-11-11-11-3,10,11,11,11,3,0,1465,2311,2372,2436,2351,0,10935,5.25,8.5,9.25,6.5,1.75,0,10,"HK$ 967,000",1-3/4,14.0,23.0,4.9,7.1,0,1
110430,2019-10-16,4,10,HV,TURF,GOOD,C,Class 4,1800,10905,1381,2259,2360,2480,2425,0,A201,K H Chan,C W Chang,120,1,CP,43,+5,1072,+13,1.49.58,6,1,1/2/5/12/5/6,5,1-2-2-2-5,1,2,2,2,5,0,1381,2263,2384,2468,2462,0,10958,N,N,1.75,1,3.25,0,31,"HK$ 967,000",3-1/4,7.3,5.7,1.8,2.3,0,0
110431,2019-10-16,4,11,HV,TURF,GOOD,C,Class 4,1800,10905,1381,2259,2360,2480,2425,0,A087,T H So,D J Hall,118,6,B,41,-2,1138,-13,,6,1,7/5/7/5/1/6,7,8-8-8-10-7,8,8,8,10,7,0,1441,2291,2376,2448,2450,0,11006,3.75,5.75,6.75,4.75,6.25,0,7,"HK$ 967,000",6-1/4,21.0,21.0,4.4,5.5,0,0
110432,2019-10-16,5,1,HV,TURF,GOOD,C,Class 3,1800,10946,1379,2353,2471,2396,2347,0,T391,A Domeyer,A T Millard,130,10,SR/TT,74,-2,1041,-3,1.49.67,8,1,13/12/7/3/6/3,5,3-1-1-2-5,3,1,1,2,5,0,1383,2349,2471,2420,2348,0,10971,N,0.75,0.5,1.5,1.5,0,10,"HK$ 1,450,000",1-1/2,45.0,61.0,9.4,12.0,0,0
110433,2019-10-16,5,2,HV,TURF,GOOD,C,Class 3,1800,10946,1379,2353,2471,2396,2347,0,C084,Z Purton,J Moore,129,4,CP/TT,73,0,1118,+2,1.49.10,5,*1,9/3/2/6/2/10,6,9-7-8-8-6,9,7,8,8,6,0,1423,2373,2455,2412,2314,0,10977,2.75,4,3,4,2,0,31,"HK$ 1,450,000",2,3.5,2.8,1.7,1.4,0,0
110434,2019-10-16,5,3,HV,TURF,GOOD,C,Class 3,1800,10946,1379,2353,2471,2396,2347,0,C214,G van Niekerk,J Moore,128,6,PC-/B2/TT,72,-2,1254,-33,,5,2,5/11,4,6-9-7-6-4,6,9,7,6,4,0,1407,2409,2431,2412,2305,0,10964,1.75,5.25,2.75,3.75,1,0,10,"HK$ 1,450,000",1,8.1,11.0,2.6,3.8,0,0
110435,2019-10-16,5,4,HV,TURF,GOOD,C,Class 3,1800,10946,1379,2353,2471,2396,2347,0,B336,J Moreira,D E Ferraris,126,1,,70,0,1027,+16,1.49.05,5,+1,4/2/4/5/2/10,7,4-5-6-7-7,4,5,6,7,7,0,1395,2377,2475,2416,2320,0,10983,1,2.5,2.75,4,2.25,0,21,"HK$ 1,450,000",2-1/4,3.3,3.1,1.4,1.1,0,0
110436,2019-10-16,5,5,HV,TURF,GOOD,C,Class 3,1800,10946,1379,2353,2471,2396,2347,0,C159,R Bayliss,C Fownes,121,12,B,65,0,1124,-13,1.50.28,5,2,6/7/1/5/6/4,10,12-12-12-12-10,12,12,12,12,10,0,1459,2409,2439,2380,2313,0,11000,5,8.5,6.5,5.5,3.25,0,4,"HK$ 1,450,000",3-1/4,15.0,18.0,4.6,4.3,0,0
110437,2019-10-16,5,6,HV,TURF,GOOD,C,Class 3,1800,10946,1379,2353,2471,2396,2347,0,B094,B Shinn,J Size,124,11,P,68,-2,980,+10,1.50.86,5,+1,9/13/4/11/3/10,11,7-3-2-4-11,7,3,2,4,11,0,1411,2349,2451,2432,2420,0,11063,2,1.75,0.5,2.75,7.25,0,15,"HK$ 1,450,000",7-1/4,54.0,65.0,12.0,13.0,0,0
110438,2019-10-16,5,7,HV,TURF,GOOD,C,Class 3,1800,10946,1379,2353,2471,2396,2347,0,A172,T H So,P O'Sullivan,123,2,,67,-2,1056,+12,1.49.74,7,1,11/6/9/9/10/9,3,8-8-9-10-3,8,8,9,10,3,0,1411,2401,2455,2416,2281,0,10964,2,5,4,5.25,1,0,31,"HK$ 1,450,000",1,36.0,45.0,7.1,8.4,0,1
110439,2019-10-16,5,8,HV,TURF,GOOD,C,Class 3,1800,10946,1379,2353,2471,2396,2347,0,B427,N Callan,C S Shum,121,7,B/TT,65,-2,1045,-4,,4,1,8/10/5/8/7/12,1,2-4-5-5-1,2,4,5,5,1,0,1379,2381,2467,2416,2303,0,10946,SH,1.75,1.5,2.75,0.5,0,31,"HK$ 1,450,000",1/2,22.0,20.0,5.3,5.2,1,1
110440,2019-10-16,5,9,HV,TURF,GOOD,C,Class 3,1800,10946,1379,2353,2471,2396,2347,0,V378,C Y Ho,C H Yip,119,3,V,63,+6,1168,-9,1.49.31,7,1,1/1/3/3/2/2,2,5-6-3-1-2,5,6,3,1,2,0,1395,2389,2435,2380,2358,0,10957,1,3.25,1,1.5,0.5,0,10,"HK$ 1,450,000",1/2,9.1,9.4,2.2,2.7,0,1
110441,2019-10-16,5,10,HV,TURF,GOOD,C,Class 3,1800,10946,1379,2353,2471,2396,2347,0,C208,L Hewitson,D E Ferraris,118,8,B,62,-2,1098,+9,,4,2,12/9/9/11/11/6,12,11-10-11-11-12,11,10,11,11,12,0,1443,2385,2451,2404,2509,0,11192,4,6,4.75,5.25,15.25,0,15,"HK$ 1,450,000",15-1/4,97.0,99.0,17.0,20.0,0,0
110442,2019-10-16,5,11,HV,TURF,GOOD,C,Class 3,1800,10946,1379,2353,2471,2396,2347,0,C163,K H Chan,F C Lor,118,5,H,62,0,1052,+6,,5,1,3/9/10/9/6/11,8,1-2-4-3-8,1,2,4,3,8,0,1379,2365,2479,2416,2346,0,10985,SH,0.75,1.25,2.5,2.5,0,21,"HK$ 1,450,000",2-1/2,9.9,12.0,2.3,3.0,0,0
110443,2019-10-16,5,12,HV,TURF,GOOD,C,Class 3,1800,10946,1379,2353,2471,2396,2347,0,B432,K Teetan,C Fownes,118,9,V/XB,62,0,1062,-3,1.49.16,5,*1,8/5/4/7/7/3,9,10-11-10-9-9,10,11,10,9,9,0,1431,2405,2435,2392,2326,0,10989,3.25,6.5,4.25,4,2.75,0,45,"HK$ 1,450,000",2-3/4,9.0,10.0,2.9,2.7,0,0
110444,2019-10-16,6,1,HV,TURF,GOOD,C,Class 4,1200,7010,2376,2279,2355,0,0,0,B013,Z Purton,K H Ting,133,9,TT,60,0,1023,-1,1.09.77,6,+1,4/2/6/3/9/3,4,10-7-4,10,7,4,0,0,0,2456,2259,2310,0,0,0,7025,5,3.75,0.75,0,0,0,35,"HK$ 967,000",3/4,4.2,4.3,2.2,1.7,0,0
110445,2019-10-16,6,2,HV,TURF,GOOD,C,Class 4,1200,7010,2376,2279,2355,0,0,0,C272,J Moreira,C W Chang,131,12,B/TT,58,0,1152,+3,1.09.94,5,+1,3/2/11/4/7/9,5,1-1-5,1,1,5,0,0,0,2376,2279,2371,0,0,0,7026,0.75,0.5,0.75,0,0,0,21,"HK$ 967,000",3/4,6.7,7.8,2.9,2.7,0,0
110446,2019-10-16,6,3,HV,TURF,GOOD,C,Class 4,1200,7010,2376,2279,2355,0,0,0,A313,N Callan,J Moore,129,11,CP,56,-2,1104,+12,1.11.08,6,*1,8/12/3/11/2/2,1,12-11-1,12,11,1,0,0,0,2476,2267,2267,0,0,0,7010,6.25,5.5,0.75,0,0,0,101,"HK$ 967,000",3/4,18.0,28.0,7.2,7.6,1,1
110447,2019-10-16,6,4,HV,TURF,GOOD,C,Class 4,1200,7010,2376,2279,2355,0,0,0,V394,B Shinn,C H Yip,125,8,XB/H2/V2,52,-1,1109,+12,1.09.99,6,+1,4/6/11/5/4/7,12,11-12-12,11,12,12,0,0,0,2468,2295,2325,0,0,0,7088,5.75,6.75,4.75,0,0,0,21,"HK$ 967,000",4-3/4,9.7,7.1,2.3,2.5,0,0
110448,2019-10-16,6,5,HV,TURF,GOOD,C,Class 4,1200,7010,2376,2279,2355,0,0,0,A142,C Y Ho,W Y So,122,5,V-/B1,49,-2,1177,-5,1.10.13,6,+1,14/8/13/9/8/7,8,2-4-8,2,4,8,0,0,0,2388,2295,2356,0,0,0,7039,0.75,1.75,1.75,0,0,0,115,"HK$ 967,000",1-3/4,19.0,26.0,4.9,7.2,0,0
110449,2019-10-16,6,6,HV,TURF,GOOD,C,Class 4,1200,7010,2376,2279,2355,0,0,0,C449,L Hewitson,Y S Tsui,122,6,P-,49,-3,1155,-2,,4,+1,10/12,11,8-8-11,8,8,11,0,0,0,2432,2287,2362,0,0,0,7081,3.5,4,4.5,0,0,0,101,"HK$ 967,000",4-1/2,37.0,48.0,9.7,12.0,0,0
110450,2019-10-16,6,7,HV,TURF,GOOD,C,Class 4,1200,7010,2376,2279,2355,0,0,0,B267,M F Poon,C S Shum,122,7,H/TT,49,-2,1101,+9,1.10.42,4,+1,14/12/3/5/7/9,10,3-2-10,3,2,10,0,0,0,2392,2271,2399,0,0,0,7062,1,0.5,3.25,0,0,0,38,"HK$ 967,000",3-1/4,9.5,11.0,3.3,3.4,0,0
110451,2019-10-16,6,8,HV,TURF,GOOD,C,Class 4,1200,7010,2376,2279,2355,0,0,0,B002,H N Wong,J Size,121,1,PC,48,0,1100,+5,1.09.84,6,+1,6/9/2/1/5/7,6,7-9-6,7,9,6,0,0,0,2420,2303,2307,0,0,0,7030,2.75,4.25,1.25,0,0,0,115,"HK$ 967,000",1-1/4,23.0,26.0,5.2,6.6,0,0
110452,2019-10-16,6,9,HV,TURF,GOOD,C,Class 4,1200,7010,2376,2279,2355,0,0,0,A332,K Teetan,A T Millard,119,4,,46,-2,1042,-8,,6,+1,3/3/5/11/4,3,4-3-3,4,3,3,0,0,0,2396,2283,2344,0,0,0,7023,1.25,1.5,0.75,0,0,0,107,"HK$ 967,000",3/4,5.8,6.0,2.2,2.0,0,1
110453,2019-10-16,6,10,HV,TURF,GOOD,C,Class 4,1200,7010,2376,2279,2355,0,0,0,B274,A Domeyer,C Fownes,119,3,SR,46,-1,1099,+2,1.10.12,5,*1,5/4/4/4/9/5,9,5-6-9,5,6,9,0,0,0,2408,2295,2342,0,0,0,7045,2,3,2.25,0,0,0,21,"HK$ 967,000",2-1/4,10.0,8.4,3.1,2.6,0,0
110454,2019-10-16,6,11,HV,TURF,GOOD,C,Class 4,1200,7010,2376,2279,2355,0,0,0,A121,M Chadwick,K L Man,118,10,,45,+6,1095,+8,1.10.26,6,+1,1/7/3/4/5/9,7,6-5-7,6,5,7,0,0,0,2420,2275,2337,0,0,0,7032,2.75,2.5,1.25,0,0,0,21,"HK$ 967,000",1-1/4,12.0,8.1,2.5,2.8,0,0
110455,2019-10-16,6,12,HV,TURF,GOOD,C,Class 4,1200,7010,2376,2279,2355,0,0,0,C254,G van Niekerk,P F Yiu,116,2,,43,-5,1104,+54,,4,+1,12/13/11/9,2,9-10-2,9,10,2,0,0,0,2444,2295,2283,0,0,0,7022,4.25,5.25,0.75,0,0,0,101,"HK$ 967,000",3/4,10.0,11.0,3.1,3.6,0,1
110456,2019-10-16,7,1,HV,TURF,GOOD,C,Class 3,1200,6956,2382,2295,2279,0,0,0,C180,J Moreira,C Fownes,117,10,SR/TT,63,+3,1142,+20,,4,+1,2/2/1,2,4-3-2,4,3,2,0,0,0,2406,2271,2290,0,0,0,6967,1.5,SH,0.75,0,0,0,45,"HK$ 1,450,000",3/4,3.9,5.2,1.8,1.9,0,1
110457,2019-10-16,7,2,HV,TURF,GOOD,C,Class 3,1200,6956,2382,2295,2279,0,0,0,B261,Z Purton,J Moore,132,7,TT,78,+2,1152,-9,1.09.54,5,+1,2/1/3/5/7/9,6,1-1-6,1,1,6,0,0,0,2382,2295,2327,0,0,0,7003,1,SH,3,0,0,0,21,"HK$ 1,450,000",3,3.6,2.8,1.7,1.3,0,0
110458,2019-10-16,7,3,HV,TURF,GOOD,C,Class 3,1200,6956,2382,2295,2279,0,0,0,B352,K H Chan,F C Lor,129,2,XB,75,-1,1021,+13,1.11.89,4,+1,6/4/2/7/1/2,9,5-5-9,5,5,9,0,0,0,2418,2291,2320,0,0,0,7029,2.25,2,4.5,0,0,0,25,"HK$ 1,450,000",4-1/2,16.0,22.0,4.2,5.3,0,0
110459,2019-10-16,7,4,HV,TURF,GOOD,C,Class 3,1200,6956,2382,2295,2279,0,0,0,B097,B Shinn,C S Shum,129,3,H/TT,75,-1,1029,+5,,5,+1,8/10/3/5/1/2,8,6-6-8,6,6,8,0,0,0,2426,2291,2299,0,0,0,7016,2.75,2.5,3.75,0,0,0,21,"HK$ 1,450,000",3-3/4,8.3,7.6,2.3,2.3,0,0
110460,2019-10-16,7,5,HV,TURF,GOOD,C,Class 3,1200,6956,2382,2295,2279,0,0,0,C116,T H So,L Ho,128,8,H/P,74,-4,1076,+6,1.10.39,4,*1,11/9/13/11/6/9,12,11-11-12,11,11,12,0,0,0,2494,2283,2315,0,0,0,7092,7,6.25,8.5,0,0,0,122,"HK$ 1,450,000",8-1/2,82.0,99.0,14.0,24.0,0,0
110461,2019-10-16,7,6,HV,TURF,GOOD,C,Class 3,1200,6956,2382,2295,2279,0,0,0,C270,L Hewitson,K W Lui,125,12,TT1,71,-1,1176,+12,,4,+1,14,11,12-12-11,12,12,11,0,0,0,2510,2283,2293,0,0,0,7086,8,7.25,8,0,0,0,107,"HK$ 1,450,000",8,96.0,99.0,27.0,35.0,0,0
110462,2019-10-16,7,7,HV,TURF,GOOD,C,Class 3,1200,6956,2382,2295,2279,0,0,0,V273,H T Mo,C H Yip,125,6,P-,71,-2,1077,+7,1.09.38,7,*1,11/7/4/9/11/7,7,8-8-7,8,8,7,0,0,0,2458,2283,2268,0,0,0,7009,4.75,4,3.25,0,0,0,25,"HK$ 1,450,000",3-1/4,19.0,29.0,4.4,6.1,0,0
110463,2019-10-16,7,8,HV,TURF,GOOD,C,Class 3,1200,6956,2382,2295,2279,0,0,0,A317,C Y Ho,K L Man,123,5,TT,69,0,1039,+10,1.09.83,5,*1,2/5/2/5/2/9,3,7-7-3,7,7,3,0,0,0,2442,2283,2251,0,0,0,6976,3.75,3,1.25,0,0,0,105,"HK$ 1,450,000",1-1/4,6.8,6.6,2.2,1.9,0,1
110464,2019-10-16,7,9,HV,TURF,GOOD,C,Class 3,1200,6956,2382,2295,2279,0,0,0,C275,K C Leung,K H Ting,120,11,H/P,66,-2,1014,-7,,4,*1,4/7/10/12,10,10-10-10,10,10,10,0,0,0,2486,2291,2270,0,0,0,7047,6.5,6.25,5.75,0,0,0,25,"HK$ 1,450,000",5-3/4,20.0,30.0,4.7,6.8,0,0
110465,2019-10-16,7,10,HV,TURF,GOOD,C,Class 3,1200,6956,2382,2295,2279,0,0,0,C027,C Schofield,W Y So,119,9,,65,0,1088,-2,,5,*1,6/10/4/1/1/3,4,9-9-4,9,9,4,0,0,0,2462,2287,2241,0,0,0,6990,5,4.5,2,0,0,0,25,"HK$ 1,450,000",2,21.0,36.0,5.7,8.0,0,0
110466,2019-10-16,7,11,HV,TURF,GOOD,C,Class 3,1200,6956,2382,2295,2279,0,0,0,C162,H N Wong,R Gibson,117,4,CP,63,0,1071,-5,,5,+1,6/11/8/9/6/11,5,2-2-5,2,2,5,0,0,0,2398,2279,2321,0,0,0,6998,1,SH,2.75,0,0,0,21,"HK$ 1,450,000",2-3/4,22.0,40.0,4.8,8.3,0,0
110467,2019-10-16,7,12,HV,TURF,GOOD,C,Class 3,1200,6956,2382,2295,2279,0,0,0,C229,K Teetan,J Size,117,1,B,63,0,1139,-3,1.10.17,4,*1,3/5/1/1/4/3,1,3-4-1,3,4,1,0,0,0,2406,2287,2263,0,0,0,6956,1.5,1,0.75,0,0,0,21,"HK$ 1,450,000",3/4,7.0,4.9,2.0,1.6,1,1
110468,2019-10-16,8,1,HV,TURF,GOOD,C,Class 3,1650,9986,2853,2326,2491,2317,0,0,A240,,,,,,,,,,,,,,0,--,,,,0,0,0,,,,0,0,0,,,,,0,0,0,35,"HK$ 1,450,000",,9.0,,2.4,0.0,0,0
110469,2019-10-16,8,2,HV,TURF,GOOD,C,Class 3,1650,9986,2853,2326,2491,2317,0,0,B472,,,,,,,,,,,,,,0,--,,,,0,0,0,,,,0,0,0,,,,,0,0,0,21,"HK$ 1,450,000",,24.0,,6.2,0.0,0,0
110470,2019-10-16,8,3,HV,TURF,GOOD,C,Class 3,1650,9986,2853,2326,2491,2317,0,0,C211,N Callan,J Moore,127,7,XB,72,0,1076,+35,1.41.29,5,*1,11/1/4/6/9/3,10,4-2-4-10,4,2,4,10,0,0,2889,2306,2495,2637,0,0,10327,2.25,1,1.25,21.25,0,0,107,"HK$ 1,450,000",21-1/4,4.7,8.0,2.8,3.4,0,0
110471,2019-10-16,8,4,HV,TURF,GOOD,C,Class 3,1650,9986,2853,2326,2491,2317,0,0,A224,R Bayliss,J Size,126,3,,71,-1,1122,+16,1.39.15,6,*1,8/10/7/4/9/2,3,5-6-3-3,5,6,3,3,0,0,2897,2342,2439,2372,0,0,10050,2.75,3.75,0.5,4,0,0,35,"HK$ 1,450,000",4,29.0,35.0,7.0,6.6,0,1
110472,2019-10-16,8,5,HV,TURF,GOOD,C,Class 3,1650,9986,2853,2326,2491,2317,0,0,C210,H W Lai,L Ho,125,12,H-/SR-,70,-3,1046,+3,1.40.70,4,+1,14/11/13/14/10/8,4,7-5-2-4,7,5,2,4,0,0,2909,2318,2447,2385,0,0,10059,3.5,3,N,4.5,0,0,15,"HK$ 1,450,000",4-1/2,87.0,99.0,17.0,22.0,0,0
110473,2019-10-16,8,6,HV,TURF,GOOD,C,Class 3,1650,9986,2853,2326,2491,2317,0,0,B256,G van Niekerk,F C Lor,121,8,B,66,0,1165,+11,1.40.16,5,+1,6/2/2/3/2/8,7,2-4-7-7,2,4,7,7,0,0,2873,2338,2487,2391,0,0,10089,1.25,2,1.75,6.25,0,0,31,"HK$ 1,450,000",6-1/4,9.7,12.0,2.4,2.6,0,0
110474,2019-10-16,8,7,HV,TURF,GOOD,C,Class 3,1650,9986,2853,2326,2491,2317,0,0,C007,Z Purton,D J Hall,120,5,B/XB,65,0,1175,+5,1.39.95,5,+1,6/1/2/1/7/5,1,9-9-6-1,9,9,6,1,0,0,2933,2338,2423,2293,0,0,9986,5,5.75,1.5,3.25,0,0,21,"HK$ 1,450,000",3-1/4,2.5,1.7,1.5,1.0,1,1
110475,2019-10-16,8,8,HV,TURF,GOOD,C,Class 3,1650,9986,2853,2326,2491,2317,0,0,A320,C Schofield,R Gibson,119,11,B/H/TT,64,0,1076,+3,1.39.24,5,+1,4/6/2/7/11/3,5,8-8-10-5,8,8,10,5,0,0,2921,2342,2459,2339,0,0,10061,4.25,5.25,3.25,4.5,0,0,35,"HK$ 1,450,000",4-1/2,14.0,14.0,3.8,3.6,0,0
110476,2019-10-16,8,9,HV,TURF,GOOD,C,Class 3,1650,9986,2853,2326,2491,2317,0,0,B132,C Y Ho,K W Lui,119,10,,64,+1,1106,+11,1.39.72,5,+1,2/2/6/3/1/13,2,10-10-8-2,10,10,8,2,0,0,2945,2338,2431,2326,0,0,10040,5.75,6.5,2.75,3.25,0,0,140,"HK$ 1,450,000",3-1/4,10.0,6.7,2.5,1.6,0,1
110477,2019-10-16,8,10,HV,TURF,GOOD,C,Class 3,1650,9986,2853,2326,2491,2317,0,0,T369,M Chadwick,P O'Sullivan,118,2,B,63,0,1045,+20,1.39.43,7,*1,3/1/3/4/2/9,9,6-7-9-9,6,7,9,9,0,0,2909,2338,2471,2431,0,0,10149,3.5,4.25,3,10,0,0,112,"HK$ 1,450,000",10,14.0,10.0,2.2,2.0,0,0
110478,2019-10-16,8,11,HV,TURF,GOOD,C,Class 3,1650,9986,2853,2326,2491,2317,0,0,C271,M L Yeung,K H Ting,118,6,B,63,-4,1116,+3,1.40.94,4,*1,9/10/6/8/8/12,6,1-1-1-6,1,1,1,6,0,0,2853,2326,2491,2393,0,0,10063,1.25,1,N,4.75,0,0,105,"HK$ 1,450,000",4-3/4,35.0,35.0,6.7,6.2,0,0
110479,2019-10-16,8,12,HV,TURF,GOOD,C,Class 3,1650,9986,2853,2326,2491,2317,0,0,V279,H N Wong,Y S Tsui,118,4,B,63,0,1170,-2,1.39.37,7,+1,6/6/7/3/7/9,8,3-3-5-8,3,3,5,8,0,0,2877,2330,2483,2403,0,0,10093,1.5,1.75,1.25,6.75,0,0,4,"HK$ 1,450,000",6-3/4,23.0,17.0,5.7,3.5,0,0
110480,2019-10-20,1,1,ST,TURF,GOOD,A,Class 5,1400,8187,1351,2170,2368,2298,0,0,C064,J Moreira,F C Lor,129,7,CP1/TT,40,-1,1122,-2,1.22.94,4,+1,7/7/10/4/3/8,4,4-4-3-4,4,4,3,4,0,0,1355,2202,2344,2332,0,0,8233,N,2.25,0.75,2.75,0,0,19,"HK$ 725,000",2-3/4,5.1,5.8,1.9,2.2,0,0
110481,2019-10-20,1,2,ST,TURF,GOOD,A,Class 5,1400,8187,1351,2170,2368,2298,0,0,C304,C Y Ho,C S Shum,123,4,B/TT,34,-2,1057,-2,1.23.28,4,1,6/11/6/11/13/12,11,3-3-6-11,3,3,6,11,0,0,1355,2182,2380,2400,0,0,8317,N,1,1.75,8,0,0,11,"HK$ 725,000",8,35.0,45.0,8.5,12.0,0,0
110482,2019-10-20,1,3,ST,TURF,GOOD,A,Class 5,1400,8187,1351,2170,2368,2298,0,0,A267,M L Yeung,T P Yung,129,13,CP,40,0,1215,+12,1.22.23,6,1,3/4/7/8/4/2,10,1-2-2-10,1,2,2,10,0,0,1351,2186,2356,2411,0,0,8304,N,1,N,7.25,0,0,35,"HK$ 725,000",7-1/4,13.0,15.0,3.9,4.0,0,0
110483,2019-10-20,1,4,ST,TURF,GOOD,A,Class 5,1400,8187,1351,2170,2368,2298,0,0,C173,B Shinn,R Gibson,129,5,,40,0,1128,+14,1.22.19,4,+1,7/2/10/4/10/10,6,10-10-10-6,10,10,10,6,0,0,1399,2210,2332,2301,0,0,8242,3,5.5,3.25,3.5,0,0,35,"HK$ 725,000",3-1/2,10.0,11.0,2.9,3.1,0,0
110484,2019-10-20,1,5,ST,TURF,GOOD,A,Class 5,1400,8187,1351,2170,2368,2298,0,0,B074,C Schofield,K L Man,128,3,B,39,-4,1152,+14,1.22.55,5,*1,5/13/13/8/8,3,12-8-9-3,12,8,9,3,0,0,1407,2194,2336,2270,0,0,8207,3.5,5,3,1.25,0,0,109,"HK$ 725,000",1-1/4,25.0,24.0,6.5,7.2,0,1
110485,2019-10-20,1,6,ST,TURF,GOOD,A,Class 5,1400,8187,1351,2170,2368,2298,0,0,B155,M Chadwick,D J Whyte,128,12,,39,-1,1074,+3,1.24.09,5,1,3/8/11/10/11/7,8,6-5-4-8,6,5,4,8,0,0,1375,2194,2344,2344,0,0,8257,1.5,3,1.5,4.25,0,0,19,"HK$ 725,000",4-1/4,11.0,10.0,3.7,4.3,0,0
110486,2019-10-20,1,7,ST,TURF,GOOD,A,Class 5,1400,8187,1351,2170,2368,2298,0,0,C012,M F Poon,W Y So,128,6,CP1/TT,39,-2,1114,-5,1.22.95,5,1,12/12/8/12/9/6,14,9-11-13-14,9,11,13,14,0,0,1395,2230,2368,2442,0,0,8435,2.75,6.5,6.5,15.5,0,0,19,"HK$ 725,000",15-1/2,94.0,99.0,21.0,33.0,0,0
110487,2019-10-20,1,8,ST,TURF,GOOD,A,Class 5,1400,8187,1351,2170,2368,2298,0,0,A357,K Teetan,A S Cruz,128,14,B/TT,39,0,1270,-9,1.22.13,6,+1,9/11/8/12/7/11,13,11-14-14-13,11,14,14,13,0,0,1403,2246,2352,2374,0,0,8375,3.25,8,7,11.75,0,0,42,"HK$ 725,000",11-3/4,14.0,13.0,5.4,4.4,0,0
110488,2019-10-20,1,9,ST,TURF,GOOD,A,Class 5,1400,8187,1351,2170,2368,2298,0,0,B071,U Rispoli,D E Ferraris,127,11,,38,-2,1086,-12,1.22.10,6,+1,6/3/13/6/6/11,1,14-13-11-1,14,13,11,1,0,0,1423,2218,2304,2242,0,0,8187,4.5,7.5,3.5,N,0,0,8,"HK$ 725,000",N,9.4,7.8,3.7,2.7,1,1
110489,2019-10-20,1,10,ST,TURF,GOOD,A,Class 5,1400,8187,1351,2170,2368,2298,0,0,A407,G van Niekerk,C W Chang,126,10,B/TT,37,-1,1176,+18,1.22.30,5,+1,5/10/2/12/5/12,9,13-12-12-9,13,12,12,9,0,0,1419,2210,2344,2307,0,0,8280,4.25,6.75,5.25,5.75,0,0,35,"HK$ 725,000",5-3/4,17.0,18.0,4.6,4.9,0,0
110490,2019-10-20,1,11,ST,TURF,GOOD,A,Class 5,1400,8187,1351,2170,2368,2298,0,0,B028,N Callan,D J Hall,125,9,B,36,+1,1155,+23,1.22.53,5,+1,2/5/3/2/2/11,5,5-9-7-5,5,9,7,5,0,0,1371,2230,2324,2314,0,0,8239,1.25,5,2.25,3.25,0,0,35,"HK$ 725,000",3-1/4,7.3,8.4,2.1,2.2,0,0
110491,2019-10-20,1,12,ST,TURF,GOOD,A,Class 5,1400,8187,1351,2170,2368,2298,0,0,A399,A Domeyer,C Fownes,123,8,XB2,34,-2,1174,+4,1.22.68,6,+1,12/11/9/13/3/8,7,2-1-1-7,2,1,1,7,0,0,1355,2166,2368,2357,0,0,8246,N,1,N,3.75,0,0,35,"HK$ 725,000",3-3/4,19.0,20.0,6.0,5.7,0,0
110492,2019-10-20,1,13,ST,TURF,GOOD,A,Class 5,1400,8187,1351,2170,2368,2298,0,0,A097,T H So,L Ho,119,2,V,30,-2,1140,+14,1.23.63,6,1,9/7/12/12/12/12,12,7-7-8-12,7,7,8,12,0,0,1383,2206,2344,2417,0,0,8350,2,4.25,2.75,10.25,0,0,35,"HK$ 725,000",10-1/4,48.0,66.0,9.1,15.0,0,0
110493,2019-10-20,1,14,ST,TURF,GOOD,A,Class 5,1400,8187,1351,2170,2368,2298,0,0,B288,Z Purton,C H Yip,120,1,,29,-4,1018,+10,1.23.44,5,+1,5/7/11/8/11/7,2,8-6-5-2,8,6,5,2,0,0,1383,2190,2344,2277,0,0,8194,2,3.25,1.75,N,0,0,105,"HK$ 725,000",N,4.1,3.4,1.9,1.5,0,1
110494,2019-10-20,2,1,ST,TURF,GOOD TO FIRM,A,Class 4,1200,6846,2384,2217,2245,0,0,0,B220,K H Chan,D J Whyte,133,2,B/XB1,60,0,1049,+10,1.08.81,5,1,3/1/7/8/3/14,1,2-2-1,2,2,1,0,0,0,2428,2213,2205,0,0,0,6846,2.75,2.5,0.75,0,0,0,19,"HK$ 967,000",3/4,4.5,4.6,1.7,1.7,1,1
110495,2019-10-20,2,2,ST,TURF,GOOD TO FIRM,A,Class 4,1200,6846,2384,2217,2245,0,0,0,T348,C Y Ho,K W Lui,133,3,H,60,-1,1085,0,1.09.20,8,+1,6/9/11/5/9/9,5,7-6-5,7,6,5,0,0,0,2480,2217,2198,0,0,0,6894,6,6,3,0,0,0,14,"HK$ 967,000",3,5.9,7.2,1.9,2.2,0,0
110496,2019-10-20,2,3,ST,TURF,GOOD TO FIRM,A,Class 4,1200,6846,2384,2217,2245,0,0,0,B250,B Shinn,D J Hall,131,1,,58,+7,1104,+5,1.08.85,4,1,1/3/6/2/5/7,2,1-1-2,1,1,2,0,0,0,2384,2217,2258,0,0,0,6859,2.75,2.5,0.75,0,0,0,19,"HK$ 967,000",3/4,5.0,3.0,1.7,1.3,0,1
110497,2019-10-20,2,4,ST,TURF,GOOD TO FIRM,A,Class 4,1200,6846,2384,2217,2245,0,0,0,C413,H T Mo,L Ho,130,7,H1,57,,1063,,,3,+1,,10,10-9-10,10,9,10,0,0,0,2520,2225,2232,0,0,0,6977,8.5,9,8.25,0,0,0,,"HK$ 967,000",8-1/4,44.0,41.0,9.2,9.8,0,0
110498,2019-10-20,2,5,ST,TURF,GOOD TO FIRM,A,Class 4,1200,6846,2384,2217,2245,0,0,0,C311,Z Purton,P O'Sullivan,126,9,B,53,,1112,-26,1.10.00,3,+1,2/3/2,7,12-11-7,12,11,7,0,0,0,2544,2213,2193,0,0,0,6950,10,9.75,6.5,0,0,0,105,"HK$ 967,000",6-1/2,6.8,6.9,2.6,2.3,0,0
110499,2019-10-20,2,6,ST,TURF,GOOD TO FIRM,A,Class 4,1200,6846,2384,2217,2245,0,0,0,C026,J Moreira,K H Ting,126,14,B,53,0,1169,+28,1.09.89,5,+1,5/2/3/3/2/6,6,6-7-6,6,7,6,0,0,0,2480,2229,2225,0,0,0,6934,6,6.75,5.5,0,0,0,105,"HK$ 967,000",5-1/2,5.5,5.9,2.1,1.9,0,0
110500,2019-10-20,2,7,ST,TURF,GOOD TO FIRM,A,Class 4,1200,6846,2384,2217,2245,0,0,0,D021,A Sanna,P F Yiu,125,8,,52,,967,,,4,1,,11,11-10-11,11,10,11,0,0,0,2528,2229,2226,0,0,0,6983,9,9.75,8.5,0,0,0,,"HK$ 967,000",8-1/2,74.0,99.0,13.0,23.0,0,0
110501,2019-10-20,2,8,ST,TURF,GOOD TO FIRM,A,Class 4,1200,6846,2384,2217,2245,0,0,0,C332,L Hewitson,Y S Tsui,125,6,,52,,1133,,,3,+1,,13,3-4-13,3,4,13,0,0,0,2440,2245,2427,0,0,0,7112,3.5,5.25,16.75,0,0,0,,"HK$ 967,000",16-3/4,64.0,99.0,22.0,29.0,0,0
110502,2019-10-20,2,9,ST,TURF,GOOD TO FIRM,A,Class 4,1200,6846,2384,2217,2245,0,0,0,C472,U Rispoli,J Size,125,4,,52,,1027,,,3,1,,3,4-3-3,4,3,3,0,0,0,2448,2213,2225,0,0,0,6886,4,3.75,2.5,0,0,0,,"HK$ 967,000",2-1/2,9.5,14.0,3.6,3.7,0,1
110503,2019-10-20,2,10,ST,TURF,GOOD TO FIRM,A,Class 4,1200,6846,2384,2217,2245,0,0,0,C498,M L Yeung,T P Yung,125,13,,52,,1024,,,4,1,,8,13-13-8,13,13,8,0,0,0,2560,2229,2179,0,0,0,6968,11,11.75,7.75,0,0,0,,"HK$ 967,000",7-3/4,99.0,99.0,34.0,46.0,0,0
110504,2019-10-20,2,11,ST,TURF,GOOD TO FIRM,A,Class 4,1200,6846,2384,2217,2245,0,0,0,A323,M F Poon,A T Millard,123,12,B,50,-2,1215,+6,1.09.49,5,1,8/4/2/5/8/2,14,14-14-14,14,14,14,0,0,0,2596,2257,2703,0,0,0,7556,13.25,15.75,44.5,0,0,0,19,"HK$ 967,000",44-1/2,28.0,39.0,6.3,8.7,0,0
110505,2019-10-20,2,12,ST,TURF,GOOD TO FIRM,A,Class 4,1200,6846,2384,2217,2245,0,0,0,C154,N Callan,C W Chang,123,10,H/XB2,50,-3,1062,-19,1.11.38,3,*1,13/9/4/7/4,12,9-12-12,9,12,12,0,0,0,2504,2261,2327,0,0,0,7092,7.5,10.25,15.5,0,0,0,29,"HK$ 967,000",15-1/2,99.0,99.0,31.0,54.0,0,0
110506,2019-10-20,2,13,ST,TURF,GOOD TO FIRM,A,Class 4,1200,6846,2384,2217,2245,0,0,0,A296,K Teetan,W Y So,119,11,B/E/TT,46,-1,1129,+9,1.08.76,6,+1,4/3/11/6/8/7,4,5-5-4,5,5,4,0,0,0,2464,2225,2202,0,0,0,6891,5,5.5,2.75,0,0,0,19,"HK$ 967,000",2-3/4,13.0,17.0,3.4,4.2,0,0
110507,2019-10-20,2,14,ST,TURF,GOOD TO FIRM,A,Class 4,1200,6846,2384,2217,2245,0,0,0,B302,T H So,C Fownes,113,5,B-/TT-,40,-5,1078,+23,1.11.16,5,1,8/7/12/9/9/6,9,8-8-9,8,8,9,0,0,0,2500,2237,2234,0,0,0,6971,7.25,8.5,7.75,0,0,0,111,"HK$ 967,000",7-3/4,49.0,75.0,11.0,15.0,0,0
110508,2019-10-20,3,1,ST,TURF,GOOD TO FIRM,A,Hong Kong Group Two,1200,6883,2463,2246,2174,0,0,0,A257,B Shinn,J Size,133,5,B-/TT1,124,-2,1082,+21,1.08.63,6,,4/6/7/10/2/1,8,7-8-8,7,8,8,0,0,0,2535,2234,2195,0,0,0,6964,4.5,3.75,5,0,0,0,287,"HK$ 4,250,000",5,20.0,34.0,3.7,6.8,0,0
110509,2019-10-20,3,2,ST,TURF,GOOD TO FIRM,A,Hong Kong Group Two,1200,6883,2463,2246,2174,0,0,0,A061,C Schofield,R Gibson,132,8,B,123,0,1145,+4,1.08.14,6,,6/2/1/4/3/4,4,1-1-4,1,1,4,0,0,0,2463,2246,2186,0,0,0,6894,0.5,0.75,0.75,0,0,0,19,"HK$ 4,250,000",3/4,9.2,9.6,2.2,2.5,0,0
110510,2019-10-20,3,3,ST,TURF,GOOD TO FIRM,A,Hong Kong Group Two,1200,6883,2463,2246,2174,0,0,0,V325,Z Purton,P O'Sullivan,131,4,,122,0,1205,+32,1.09.35,6,,4/5/3/10/4/6,5,6-5-5,6,5,5,0,0,0,2515,2234,2162,0,0,0,6911,3.25,2.5,1.75,0,0,0,147,"HK$ 4,250,000",1-3/4,4.3,3.0,1.8,1.2,0,0
110511,2019-10-20,3,4,ST,TURF,GOOD TO FIRM,A,Hong Kong Group Two,1200,6883,2463,2246,2174,0,0,0,B180,C Y Ho,R Gibson,127,2,B,118,+1,1191,+12,1.08.55,6,,3/5/3/7/1/1,3,5-6-3,5,6,3,0,0,0,2511,2238,2138,0,0,0,6886,3,2.5,N,0,0,0,19,"HK$ 4,250,000",N,11.0,15.0,2.0,2.5,0,1
110512,2019-10-20,3,5,ST,TURF,GOOD TO FIRM,A,Hong Kong Group Two,1200,6883,2463,2246,2174,0,0,0,V410,G van Niekerk,C S Shum,125,7,TT,116,0,1045,-4,1.08.32,7,,2/2/4/6/5/5,1,8-7-1,8,7,1,0,0,0,2539,2230,2114,0,0,0,6883,4.75,3.75,SH,0,0,0,49,"HK$ 4,250,000",SH,11.0,8.3,2.1,1.9,1,1
110513,2019-10-20,3,6,ST,TURF,GOOD TO FIRM,A,Hong Kong Group Two,1200,6883,2463,2246,2174,0,0,0,C003,J Moreira,J Size,120,3,,111,+8,1164,+1,1.08.45,5,,1/4/2/2/1/1,2,4-4-2,4,4,2,0,0,0,2491,2246,2148,0,0,0,6885,1.75,1.75,SH,0,0,0,19,"HK$ 4,250,000",SH,1.8,2.3,1.1,1.3,0,1
110514,2019-10-20,3,7,ST,TURF,GOOD TO FIRM,A,Hong Kong Group Two,1200,6883,2463,2246,2174,0,0,0,B105,K Teetan,J Moore,116,6,B/XB,107,0,1244,+3,1.09.21,6,,7/7/1/2/8/2,6,2-2-6,2,2,6,0,0,0,2471,2250,2212,0,0,0,6933,0.5,0.75,3.25,0,0,0,98,"HK$ 4,250,000",3-1/4,18.0,8.7,3.5,1.9,0,0
110515,2019-10-20,3,8,ST,TURF,GOOD TO FIRM,A,Hong Kong Group Two,1200,6883,2463,2246,2174,0,0,0,A377,M Chadwick,J Size,113,1,,104,0,1011,+3,1.08.74,5,,4/8/3/2/3/1,7,3-3-7,3,3,7,0,0,0,2483,2250,2218,0,0,0,6951,1.25,1.5,4.25,0,0,0,19,"HK$ 4,250,000",4-1/4,34.0,51.0,4.7,7.5,0,0
110516,2019-10-20,4,1,ST,TURF,GOOD TO FIRM,A,Class 3,1000,5547,1295,2042,2210,0,0,0,A417,K Teetan,A S Cruz,133,4,H/TT,80,-2,1092,-14,0.56.62,6,1,13/8/4/6/10/6,8,12-13-8,12,13,8,0,0,0,1347,2066,2235,0,0,0,5648,3.25,4.75,6.25,0,0,0,19,"HK$ 1,450,000",6-1/4,34.0,60.0,6.6,9.6,0,0
110517,2019-10-20,4,2,ST,TURF,GOOD TO FIRM,A,Class 3,1000,5547,1295,2042,2210,0,0,0,B216,C Y Ho,C S Shum,130,3,TT,77,-2,1145,+2,0.55.82,6,1,8/11/6/10/4/12,9,13-12-9,13,12,9,0,0,0,1359,2046,2262,0,0,0,5667,4,4.25,7.5,0,0,0,11,"HK$ 1,450,000",7-1/2,24.0,44.0,5.3,6.5,0,0
110518,2019-10-20,4,3,ST,TURF,GOOD TO FIRM,A,Class 3,1000,5547,1295,2042,2210,0,0,0,C328,N Callan,J Moore,128,5,CP1,75,,1190,,,4,1,,13,8-7-13,8,7,13,0,0,0,1331,2038,2389,0,0,0,5758,2.25,2,13.25,0,0,0,,"HK$ 1,450,000",13-1/4,54.0,82.0,11.0,13.0,0,0
110519,2019-10-20,4,4,ST,TURF,GOOD TO FIRM,A,Class 3,1000,5547,1295,2042,2210,0,0,0,B179,K H Chan,D J Hall,128,6,,75,-1,1128,+5,0.55.32,6,1,5/3/3/12/6/10,1,1-1-1,1,1,1,0,0,0,1295,2042,2210,0,0,0,5547,1,0.5,N,0,0,0,29,"HK$ 1,450,000",N,25.0,40.0,3.9,5.1,1,1
110520,2019-10-20,4,5,ST,TURF,GOOD TO FIRM,A,Class 3,1000,5547,1295,2042,2210,0,0,0,C343,Z Purton,W Y So,125,10,TT,72,+9,1184,+4,0.55.09,4,+1,1/1,6,2-3-6,2,3,6,0,0,0,1311,2034,2294,0,0,0,5639,1,0.5,5.75,0,0,0,105,"HK$ 1,450,000",5-3/4,1.5,1.4,1.1,1.0,0,0
110521,2019-10-20,4,6,ST,TURF,GOOD TO FIRM,A,Class 3,1000,5547,1295,2042,2210,0,0,0,C458,A Domeyer,K W Lui,124,13,H1,71,,1081,,,4,1,,3,3-4-3,3,4,3,0,0,0,1311,2050,2226,0,0,0,5587,1,1.5,2.5,0,0,0,,"HK$ 1,450,000",2-1/2,8.7,8.7,2.5,2.5,0,1
110522,2019-10-20,4,7,ST,TURF,GOOD TO FIRM,A,Class 3,1000,5547,1295,2042,2210,0,0,0,V390,K C Leung,T P Yung,122,11,V/TT,69,+1,1230,-16,0.55.34,6,2,3/2/1/3/2/2,5,4-6-5,4,6,5,0,0,0,1315,2050,2239,0,0,0,5604,1.25,1.75,3.5,0,0,0,25,"HK$ 1,450,000",3-1/2,12.0,19.0,2.1,2.3,0,0
110523,2019-10-20,4,8,ST,TURF,GOOD TO FIRM,A,Class 3,1000,5547,1295,2042,2210,0,0,0,B195,M L Yeung,T P Yung,117,1,,64,-2,1114,+18,0.57.02,5,1,7/9/10/11/7/3,7,10-8-7,10,8,7,0,0,0,1335,2042,2265,0,0,0,5642,2.5,2.5,6,0,0,0,19,"HK$ 1,450,000",6,78.0,99.0,9.4,14.0,0,0
110524,2019-10-20,4,9,ST,TURF,GOOD TO FIRM,A,Class 3,1000,5547,1295,2042,2210,0,0,0,C324,L Hewitson,D E Ferraris,117,9,,64,-3,1321,+34,0.57.08,4,*1,11/7/12/8,11,11-9-11,11,9,11,0,0,0,1339,2050,2334,0,0,0,5723,2.75,3.25,11,0,0,0,119,"HK$ 1,450,000",11,59.0,99.0,13.0,25.0,0,0
110525,2019-10-20,4,10,ST,TURF,GOOD TO FIRM,A,Class 3,1000,5547,1295,2042,2210,0,0,0,C067,J Moreira,A T Millard,116,7,,63,+6,1127,+2,0.56.81,4,1,1/5/4/2/4/2,2,5-2-2,5,2,2,0,0,0,1315,2030,2209,0,0,0,5554,1.25,0.5,N,0,0,0,29,"HK$ 1,450,000",N,8.2,5.2,1.9,1.3,0,1
110526,2019-10-20,4,11,ST,TURF,GOOD TO FIRM,A,Class 3,1000,5547,1295,2042,2210,0,0,0,C058,G van Niekerk,P F Yiu,116,8,CP,63,-2,1150,-5,0.58.41,4,+1,7/9/13/6/4/3,4,9-10-4,9,10,4,0,0,0,1335,2054,2208,0,0,0,5597,2.5,3.25,3.25,0,0,0,25,"HK$ 1,450,000",3-1/4,21.0,22.0,3.3,3.3,0,0
110527,2019-10-20,4,12,ST,TURF,GOOD TO FIRM,A,Class 3,1000,5547,1295,2042,2210,0,0,0,A064,M Chadwick,K L Man,115,2,XB-/B,62,-2,1030,-11,0.55.69,6,+1,7/2/8/5/3/3,10,7-5-10,7,5,10,0,0,0,1319,2046,2325,0,0,0,5690,1.5,1.75,9,0,0,0,102,"HK$ 1,450,000",9,39.0,65.0,5.9,7.9,0,0
110528,2019-10-20,4,13,ST,TURF,GOOD TO FIRM,A,Class 3,1000,5547,1295,2042,2210,0,0,0,T334,T H So,L Ho,114,12,H/P,61,0,1255,+9,0.56.24,8,1,12/8/4/1/5/1,12,6-11-12,6,11,12,0,0,0,1319,2074,2342,0,0,0,5735,1.5,3.5,11.75,0,0,0,49,"HK$ 1,450,000",11-3/4,99.0,99.0,24.0,39.0,0,0
110529,2019-10-20,5,1,ST,TURF,GOOD TO FIRM,A,Class 4,1600,9438,2423,2281,2420,2314,0,0,A160,N Callan,C Fownes,133,9,V,59,0,1275,+25,1.34.99,6,*1,7/11/5/7/1/1,12,9-10-11-12,9,10,11,12,0,0,2511,2293,2368,2376,0,0,9547,5.5,6.25,3,6.75,0,0,181,"HK$ 967,000",6-3/4,76.0,99.0,18.0,30.0,0,0
110530,2019-10-20,5,2,ST,TURF,GOOD TO FIRM,A,Class 4,1600,9438,2423,2281,2420,2314,0,0,B026,C Y Ho,D J Hall,132,3,B,58,0,1117,+52,1.36.16,5,*1,3/1/1/3/4/10,6,11-12-5-6,11,12,5,6,0,0,2531,2289,2324,2336,0,0,9479,6.75,7.25,1.25,2.75,0,0,119,"HK$ 967,000",2-3/4,12.0,9.5,3.4,3.0,0,0
110531,2019-10-20,5,3,ST,TURF,GOOD TO FIRM,A,Class 4,1600,9438,2423,2281,2420,2314,0,0,A152,Z Purton,T P Yung,131,4,,57,0,1172,+3,1.34.17,6,1,6/2/4/1/5/7,1,8-8-6-1,8,8,6,1,0,0,2499,2281,2368,2290,0,0,9438,4.75,4.75,1.5,N,0,0,25,"HK$ 967,000",N,5.2,5.9,2.1,2.1,1,1
110532,2019-10-20,5,4,ST,TURF,GOOD TO FIRM,A,Class 4,1600,9438,2423,2281,2420,2314,0,0,B421,K C Leung,F C Lor,129,8,SR/B2,55,-1,1220,+5,1.35.11,4,1,9/3/8/8/9/5,13,5-6-8-13,5,6,8,13,0,0,2459,2301,2396,2422,0,0,9578,2.25,3.5,2,8.75,0,0,19,"HK$ 967,000",8-3/4,14.0,20.0,4.2,5.6,0,0
110533,2019-10-20,5,5,ST,TURF,GOOD TO FIRM,A,Class 4,1600,9438,2423,2281,2420,2314,0,0,B073,C Schofield,Y S Tsui,126,6,B,52,-2,1165,-2,,6,1,7/7/11/8/9/14,10,6-5-7-10,6,5,7,10,0,0,2459,2297,2396,2386,0,0,9538,2.25,3.25,1.75,6.25,0,0,19,"HK$ 967,000",6-1/4,36.0,58.0,8.0,13.0,0,0
110534,2019-10-20,5,6,ST,TURF,GOOD TO FIRM,A,Class 4,1600,9438,2423,2281,2420,2314,0,0,C450,U Rispoli,D E Ferraris,124,11,,50,+2,1040,+13,,4,1,2/6/7/5/5,2,10-9-9-2,10,9,9,2,0,0,2511,2289,2364,2278,0,0,9442,5.5,6,2.5,N,0,0,14,"HK$ 967,000",N,5.1,7.8,1.8,2.6,0,1
110535,2019-10-20,5,7,ST,TURF,GOOD TO FIRM,A,Class 4,1600,9438,2423,2281,2420,2314,0,0,B363,K Teetan,A S Cruz,123,14,TT,49,0,1120,+10,1.34.44,4,1,2/1/5/9/8/9,9,2-2-1-9,2,2,1,9,0,0,2431,2285,2408,2390,0,0,9514,0.5,0.75,N,4.75,0,0,19,"HK$ 967,000",4-3/4,10.0,7.1,3.0,2.2,0,0
110536,2019-10-20,5,8,ST,TURF,GOOD TO FIRM,A,Class 4,1600,9438,2423,2281,2420,2314,0,0,V038,A Sanna,P O'Sullivan,121,7,B/TT,47,-1,1171,-7,1.35.03,8,1,8/8/13/11/1/2,11,12-13-14-11,12,13,14,11,0,0,2539,2285,2384,2333,0,0,9540,7.25,7.5,5.25,6.5,0,0,19,"HK$ 967,000",6-1/2,60.0,86.0,13.0,21.0,0,0
110537,2019-10-20,5,9,ST,TURF,GOOD TO FIRM,A,Class 4,1600,9438,2423,2281,2420,2314,0,0,C255,M L Yeung,K H Ting,119,2,H-/B/TT,45,-3,1114,+9,,4,+1,11/11/14,14,1-1-3-14,1,1,3,14,0,0,2423,2281,2428,2490,0,0,9622,0.5,0.75,0.5,11.5,0,0,29,"HK$ 967,000",11-1/2,99.0,99.0,32.0,56.0,0,0
110538,2019-10-20,5,10,ST,TURF,GOOD TO FIRM,A,Class 4,1600,9438,2423,2281,2420,2314,0,0,B339,A Domeyer,P F Yiu,120,5,B,45,-2,1008,-1,1.35.78,5,1,5/4/4/11/12/12,3,13-11-13-3,13,11,13,3,0,0,2555,2253,2368,2268,0,0,9444,8.25,6.5,3.25,N,0,0,8,"HK$ 967,000",N,6.7,4.7,2.3,1.9,0,1
110539,2019-10-20,5,11,ST,TURF,GOOD TO FIRM,A,Class 4,1600,9438,2423,2281,2420,2314,0,0,A075,H N Wong,C H Yip,119,1,B,45,-2,1104,-3,1.34.35,6,2,6/10/6/6/8/12,7,4-3-2-7,4,3,2,7,0,0,2451,2281,2396,2365,0,0,9493,1.75,1.75,N,3.5,0,0,11,"HK$ 967,000",3-1/2,25.0,34.0,5.8,8.4,0,0
110540,2019-10-20,5,12,ST,TURF,GOOD TO FIRM,A,Class 4,1600,9438,2423,2281,2420,2314,0,0,C096,G van Niekerk,C S Shum,117,12,CP,43,-2,1050,-6,1.34.92,4,1,8/3/5/5/2/4,5,7-7-10-5,7,7,10,5,0,0,2487,2293,2392,2292,0,0,9464,4,4.75,3,1.5,0,0,8,"HK$ 967,000",1-1/2,9.9,7.2,3.4,2.4,0,0
110541,2019-10-20,5,13,ST,TURF,GOOD TO FIRM,A,Class 4,1600,9438,2423,2281,2420,2314,0,0,C253,M F Poon,C H Yip,117,10,,43,-1,1200,-8,,4,1,8/7/10/5/4/8,8,3-4-4-8,3,4,4,8,0,0,2439,2301,2392,2379,0,0,9511,1,2.25,0.5,4.5,0,0,42,"HK$ 967,000",4-1/2,30.0,34.0,8.0,8.9,0,0
110542,2019-10-20,5,14,ST,TURF,GOOD TO FIRM,A,Class 4,1600,9438,2423,2281,2420,2314,0,0,B314,J Moreira,J Moore,115,13,B/TT,40,0,1080,-6,1.34.52,4,1,3/3/6/11/11/2,4,14-14-12-4,14,14,12,4,0,0,2563,2269,2344,2271,0,0,9447,8.75,8,3.25,0.5,0,0,8,"HK$ 967,000",1/2,5.3,5.8,2.2,2.0,0,0
110543,2019-10-20,6,1,ST,TURF,GOOD TO FIRM,A,Class 4,1400,8167,1326,2148,2401,2292,0,0,B164,Z Purton,D J Whyte,133,5,B,60,+2,1148,+24,1.21.60,5,+1,2/3/4/7/10/8,7,7-7-7-7,7,7,7,7,0,0,1366,2192,2349,2312,0,0,8219,2.5,5.25,2,3.25,0,0,29,"HK$ 967,000",3-1/4,2.6,3.5,1.5,1.5,0,0
110544,2019-10-20,6,2,ST,TURF,GOOD TO FIRM,A,Class 4,1400,8167,1326,2148,2401,2292,0,0,C310,N Callan,P O'Sullivan,122,1,,49,-3,1231,+13,1.22.97,4,1,7/12,10,6-6-8-10,6,6,8,10,0,0,1362,2176,2377,2326,0,0,8241,2.25,4,2.5,4.5,0,0,98,"HK$ 967,000",4-1/2,72.0,96.0,17.0,24.0,0,0
110545,2019-10-20,6,3,ST,TURF,GOOD TO FIRM,A,Class 4,1400,8167,1326,2148,2401,2292,0,0,C360,A Domeyer,A S Cruz,131,12,CP1/TT,58,0,1124,-8,1.22.03,5,1,3/7/1/12/4/7,2,10-8-4-2,10,8,4,2,0,0,1398,2168,2325,2290,0,0,8181,4.5,5.75,1,0.75,0,0,14,"HK$ 967,000",3/4,13.0,8.8,2.8,3.1,0,1
110546,2019-10-20,6,4,ST,TURF,GOOD TO FIRM,A,Class 4,1400,8167,1326,2148,2401,2292,0,0,B362,B Shinn,L Ho,128,7,H/XB,55,0,1091,-13,,5,+1,3/7/6/2/7,6,9-10-10-6,9,10,10,6,0,0,1390,2196,2337,2294,0,0,8217,4,7,3,3,0,0,14,"HK$ 967,000",3,10.0,11.0,3.1,3.5,0,0
110547,2019-10-20,6,5,ST,TURF,GOOD TO FIRM,A,Class 4,1400,8167,1326,2148,2401,2292,0,0,C423,K C Leung,T P Yung,128,6,,55,-2,1097,-5,,3,+1,5/6,11,3-4-6-11,3,4,6,11,0,0,1342,2172,2389,2353,0,0,8256,1,2.5,1.75,5.5,0,0,19,"HK$ 967,000",5-1/2,14.0,13.0,4.2,4.3,0,0
110548,2019-10-20,6,6,ST,TURF,GOOD TO FIRM,A,Class 4,1400,8167,1326,2148,2401,2292,0,0,B191,K Teetan,D J Hall,127,3,,54,-1,1099,0,1.22.09,5,+1,5/5/9/12/4/6,8,8-9-11-8,8,9,11,8,0,0,1382,2192,2353,2301,0,0,8228,3.5,6.25,3.25,3.75,0,0,19,"HK$ 967,000",3-3/4,17.0,12.0,5.1,3.6,0,0
110549,2019-10-20,6,7,ST,TURF,GOOD TO FIRM,A,Class 4,1400,8167,1326,2148,2401,2292,0,0,B258,G van Niekerk,P F Yiu,124,14,CP/TT,51,+5,1167,-19,1.21.56,5,1,1/8/4/2/9/7,1,12-11-9-1,12,11,9,1,0,0,1410,2192,2317,2248,0,0,8167,5.25,8,2.75,0.75,0,0,29,"HK$ 967,000",3/4,13.0,7.9,4.4,2.4,1,1
110550,2019-10-20,6,8,ST,TURF,GOOD TO FIRM,A,Class 4,1400,8167,1326,2148,2401,2292,0,0,C353,L Hewitson,J Moore,124,13,CP/XB/TT,51,+2,1100,-18,1.21.32,4,+1,2/2/5/9/9,9,2-2-2-9,2,2,2,9,0,0,1334,2156,2389,2352,0,0,8231,0.5,1,N,4,0,0,14,"HK$ 967,000",4,9.9,13.0,3.3,4.0,0,0
110551,2019-10-20,6,9,ST,TURF,GOOD TO FIRM,A,Class 4,1400,8167,1326,2148,2401,2292,0,0,C106,C Schofield,R Gibson,123,2,B-/TT,50,-1,1133,+2,1.22.91,4,+1,7/3/6/10,4,5-5-3-4,5,5,3,4,0,0,1354,2180,2349,2317,0,0,8200,1.75,3.75,0.5,2,0,0,19,"HK$ 967,000",2,26.0,28.0,5.9,6.7,0,0
110552,2019-10-20,6,10,ST,TURF,GOOD TO FIRM,A,Class 4,1400,8167,1326,2148,2401,2292,0,0,A123,J Moreira,C H Yip,119,8,,46,0,1151,+12,1.21.56,6,+1,4/4/1/7/9/9,13,11-12-12-13,11,12,12,13,0,0,1406,2208,2329,2322,0,0,8265,5,8.75,4.25,6.25,0,0,35,"HK$ 967,000",6-1/4,9.7,11.0,2.7,3.1,0,0
110553,2019-10-20,6,11,ST,TURF,GOOD TO FIRM,A,Class 4,1400,8167,1326,2148,2401,2292,0,0,B471,H T Mo,A T Millard,117,11,B,44,-2,1003,-8,1.23.21,5,*1,10/10/10/4/6/12,12,13-13-14-12,13,13,14,12,0,0,1434,2200,2333,2295,0,0,8262,6.75,10,5.75,6,0,0,14,"HK$ 967,000",6,99.0,99.0,19.0,32.0,0,0
110554,2019-10-20,6,12,ST,TURF,GOOD TO FIRM,A,Class 4,1400,8167,1326,2148,2401,2292,0,0,C137,C Y Ho,Y S Tsui,116,4,,43,-1,1074,+21,1.21.56,5,*1,5/8/3/4/7/6,3,4-3-5-3,4,3,5,3,0,0,1346,2156,2397,2297,0,0,8196,1.25,1.75,1.5,1.75,0,0,35,"HK$ 967,000",1-3/4,6.1,4.6,1.9,1.8,0,1
110555,2019-10-20,6,13,ST,TURF,GOOD TO FIRM,A,Class 4,1400,8167,1326,2148,2401,2292,0,0,T326,H N Wong,K H Ting,113,9,B,42,-2,1095,+22,1.22.40,7,*1,7/6/6/2/7/8,14,14-14-13-14,14,14,13,14,0,0,1434,2204,2325,2319,0,0,8282,6.75,10.25,5.5,7.25,0,0,25,"HK$ 967,000",7-1/4,50.0,73.0,10.0,15.0,0,0
110556,2019-10-20,6,14,ST,TURF,GOOD TO FIRM,A,Class 4,1400,8167,1326,2148,2401,2292,0,0,B390,M F Poon,K L Man,113,10,B,40,-4,1099,+14,1.22.88,4,+1,6/14/13/5/5/12,5,1-1-1-5,1,1,1,5,0,0,1326,2148,2401,2338,0,0,8213,0.5,1,N,3,0,0,105,"HK$ 967,000",3,70.0,99.0,15.0,23.0,0,0
110557,2019-10-20,7,1,ST,TURF,GOOD TO FIRM,A,Class 3,1200,6881,2418,2239,2224,0,0,0,B249,J Moreira,J Size,133,2,,80,+7,1274,+26,1.08.52,5,+1,1/4/2/1/3/4,1,7-7-1,7,7,1,0,0,0,2474,2219,2188,0,0,0,6881,3.5,2.25,0.75,0,0,0,98,"HK$ 1,450,000",3/4,4.6,5.7,2.0,1.9,1,1
110558,2019-10-20,7,2,ST,TURF,GOOD TO FIRM,A,Class 3,1200,6881,2418,2239,2224,0,0,0,C234,Z Purton,W Y So,133,7,CP,80,+6,1090,-4,1.08.34,4,1,1/2/2/3/1/1,2,9-8-2,9,8,2,0,0,0,2474,2231,2189,0,0,0,6894,3.5,3,0.75,0,0,0,19,"HK$ 1,450,000",3/4,3.6,3.5,1.6,1.5,0,1
110559,2019-10-20,7,3,ST,TURF,GOOD TO FIRM,A,Class 3,1200,6881,2418,2239,2224,0,0,0,B309,B Shinn,P F Yiu,132,10,XB,79,+1,1192,-11,1.09.59,5,+1,3/10/3/8/14/8,3,1-1-3,1,1,3,0,0,0,2418,2239,2238,0,0,0,6894,0.75,0.75,0.75,0,0,0,14,"HK$ 1,450,000",3/4,10.0,8.8,3.4,3.3,0,1
110560,2019-10-20,7,4,ST,TURF,GOOD TO FIRM,A,Class 3,1200,6881,2418,2239,2224,0,0,0,C476,T H So,C H Yip,131,4,,78,0,1027,-18,1.10.62,4,1,14,11,8-9-11,8,9,11,0,0,0,2474,2239,2219,0,0,0,6932,3.5,3.5,3.25,0,0,0,14,"HK$ 1,450,000",3-1/4,99.0,99.0,37.0,64.0,0,0
110561,2019-10-20,7,5,ST,TURF,GOOD TO FIRM,A,Class 3,1200,6881,2418,2239,2224,0,0,0,B087,H T Mo,C S Shum,130,8,B/TT,77,-2,1062,+12,1.08.87,5,+1,11/2/2/7/10/8,6,6-5-6,6,5,6,0,0,0,2454,2231,2229,0,0,0,6914,2.25,1.75,2,0,0,0,126,"HK$ 1,450,000",2,10.0,9.5,3.7,3.2,0,0
110562,2019-10-20,7,6,ST,TURF,GOOD TO FIRM,A,Class 3,1200,6881,2418,2239,2224,0,0,0,C057,A Domeyer,A S Cruz,128,1,B/TT1,75,-3,1074,-6,,4,+1,7/5/11/7,7,4-4-7,4,4,7,0,0,0,2438,2239,2245,0,0,0,6922,1.25,1.25,2.5,0,0,0,137,"HK$ 1,450,000",2-1/2,12.0,11.0,3.6,3.9,0,0
110563,2019-10-20,7,7,ST,TURF,GOOD TO FIRM,A,Class 3,1200,6881,2418,2239,2224,0,0,0,D059,C Schofield,D J Whyte,123,5,XB1,70,,1068,,,4,1,,14,13-11-14,13,11,14,0,0,0,2498,2223,2247,0,0,0,6968,5,4,5.5,0,0,0,,"HK$ 1,450,000",5-1/2,75.0,99.0,17.0,30.0,0,0
110564,2019-10-20,7,8,ST,TURF,GOOD TO FIRM,A,Class 3,1200,6881,2418,2239,2224,0,0,0,T268,C Y Ho,Y S Tsui,123,14,,70,0,1004,+17,1.08.58,7,1,3/3/3/4/8/6,8,10-10-8,10,10,8,0,0,0,2494,2223,2206,0,0,0,6923,4.75,3.75,2.5,0,0,0,19,"HK$ 1,450,000",2-1/2,21.0,23.0,4.9,6.6,0,0
110565,2019-10-20,7,9,ST,TURF,GOOD TO FIRM,A,Class 3,1200,6881,2418,2239,2224,0,0,0,A010,K Teetan,P O'Sullivan,121,3,B,68,0,1203,+3,1.09.22,6,+1,5/3/1/2/5/3,10,5-6-10,5,6,10,0,0,0,2454,2235,2240,0,0,0,6928,2.25,2,3,0,0,0,196,"HK$ 1,450,000",3,14.0,11.0,3.8,3.6,0,0
110566,2019-10-20,7,10,ST,TURF,GOOD TO FIRM,A,Class 3,1200,6881,2418,2239,2224,0,0,0,V303,L Hewitson,D E Ferraris,119,13,B/TT,66,+2,1173,+5,1.09.18,6,1,2/8/5/2/8/4,12,14-13-12,14,13,12,0,0,0,2514,2219,2202,0,0,0,6935,6,4.75,3.25,0,0,0,39,"HK$ 1,450,000",3-1/4,31.0,51.0,8.6,14.0,0,0
110567,2019-10-20,7,11,ST,TURF,GOOD TO FIRM,A,Class 3,1200,6881,2418,2239,2224,0,0,0,C283,R Bayliss,C Fownes,119,6,TT,66,+3,1156,+6,1.08.40,4,1,2/8/2/1/2/7,5,3-3-5,3,3,5,0,0,0,2434,2239,2234,0,0,0,6907,1,1,1.75,0,0,0,19,"HK$ 1,450,000",1-3/4,9.1,8.0,2.5,2.1,0,0
110568,2019-10-20,7,12,ST,TURF,GOOD TO FIRM,A,Class 3,1200,6881,2418,2239,2224,0,0,0,B271,G van Niekerk,J Moore,119,12,B/TT,66,+6,1039,+24,1.10.82,6,*1,1/1/3/10/4/13,4,12-12-4,12,12,4,0,0,0,2494,2231,2181,0,0,0,6906,4.75,4.25,1.5,0,0,0,147,"HK$ 1,450,000",1-1/2,11.0,18.0,4.2,5.4,0,0
110569,2019-10-20,7,13,ST,TURF,GOOD TO FIRM,A,Class 3,1200,6881,2418,2239,2224,0,0,0,C132,K C Leung,K L Man,117,9,H,62,+7,1029,0,1.09.12,4,1,1/4/8/11/11/14,9,11-14-9,11,14,9,0,0,0,2494,2239,2195,0,0,0,6927,4.75,4.75,3,0,0,0,19,"HK$ 1,450,000",3,22.0,20.0,4.5,5.0,0,0
110570,2019-10-20,7,14,ST,TURF,GOOD TO FIRM,A,Class 3,1200,6881,2418,2239,2224,0,0,0,B416,H N Wong,K W Lui,113,11,,61,0,1213,+8,1.10.26,4,+1,4/8/3/1/7,13,2-2-13,2,2,13,0,0,0,2430,2239,2288,0,0,0,6957,0.75,0.75,4.75,0,0,0,29,"HK$ 1,450,000",4-3/4,21.0,18.0,6.0,5.1,0,0
110571,2019-10-20,8,1,ST,TURF,GOOD TO FIRM,A,Hong Kong Group Two,1600,9282,2454,2345,2287,2196,0,0,V380,Z Purton,J Moore,133,2,B/TT,138,+1,1146,-15,1.32.64,7,,1/1/1/1/1/1,3,3-3-1-3,3,3,1,3,0,0,2474,2353,2259,2231,0,0,9317,1.25,1.75,N,2.25,0,0,19,"HK$ 4,250,000",2-1/4,1.2,1.3,1.0,1.1,0,1
110572,2019-10-20,8,2,ST,TURF,GOOD TO FIRM,A,Hong Kong Group Two,1600,9282,2454,2345,2287,2196,0,0,A238,C Y Ho,C Fownes,119,7,XB,124,+5,1103,+42,1.33.73,5,,1/2/5/7/1/6,1,8-7-7-1,8,7,7,1,0,0,2534,2337,2251,2160,0,0,9282,5,4.5,2.25,N,0,0,119,"HK$ 4,250,000",N,18.0,17.0,2.8,2.8,1,1
110573,2019-10-20,8,3,ST,TURF,GOOD TO FIRM,A,Hong Kong Group Two,1600,9282,2454,2345,2287,2196,0,0,A252,A Sanna,C Fownes,118,5,V,123,0,1169,+10,1.33.13,7,,4/1/6/2/3/6,5,4-4-5-5,4,4,5,5,0,0,2482,2345,2279,2223,0,0,9329,1.75,1.75,1.25,3,0,0,19,"HK$ 4,250,000",3,37.0,28.0,3.2,3.0,0,0
110574,2019-10-20,8,4,ST,TURF,GOOD TO FIRM,A,Hong Kong Group Two,1600,9282,2454,2345,2287,2196,0,0,B236,K C Leung,F C Lor,117,9,B/TT,122,-2,1167,+11,,5,,5/4/5/8/1/6,9,2-2-3-9,2,2,3,9,0,0,2462,2345,2287,2305,0,0,9399,0.5,0.5,0.5,7.25,0,0,147,"HK$ 4,250,000",7-1/4,54.0,35.0,7.1,5.5,0,0
110575,2019-10-20,8,5,ST,TURF,GOOD TO FIRM,A,Hong Kong Group Two,1600,9282,2454,2345,2287,2196,0,0,A093,G van Niekerk,J Moore,115,6,XB-/B/TT2,120,-2,1089,+3,1.33.44,7,,9/9/2/6/10/4,6,9-9-9-6,9,9,9,6,0,0,2542,2353,2279,2192,0,0,9365,5.5,6,5.5,5.25,0,0,147,"HK$ 4,250,000",5-1/4,28.0,30.0,3.7,3.9,0,0
110576,2019-10-20,8,6,ST,TURF,GOOD TO FIRM,A,Hong Kong Group Two,1600,9282,2454,2345,2287,2196,0,0,B104,L Hewitson,A T Millard,115,10,SR/XB,117,+1,1084,+2,1.33.15,6,,3/2/4/9/5/9,11,11-11-11-11,11,11,11,11,0,0,2566,2353,2263,2230,0,0,9411,7,7.5,6,8,0,0,175,"HK$ 4,250,000",8,42.0,35.0,6.0,5.2,0,0
110577,2019-10-20,8,7,ST,TURF,GOOD TO FIRM,A,Hong Kong Group Two,1600,9282,2454,2345,2287,2196,0,0,B090,M L Yeung,F C Lor,113,11,XB,116,-1,1130,+8,1.33.12,5,,9/9/3/7/4/1,10,10-10-10-10,10,10,10,10,0,0,2554,2361,2263,2225,0,0,9403,6.25,7.25,5.75,7.5,0,0,119,"HK$ 4,250,000",7-1/2,93.0,99.0,12.0,16.0,0,0
110578,2019-10-20,8,8,ST,TURF,GOOD TO FIRM,A,Hong Kong Group Two,1600,9282,2454,2345,2287,2196,0,0,C150,J Moreira,J Size,115,4,,113,+5,1130,+16,,4,,3/12/7/2/1/1,2,5-6-4-2,5,6,4,2,0,0,2502,2349,2255,2181,0,0,9286,3,3.25,1.25,N,0,0,19,"HK$ 4,250,000",N,8.3,6.5,1.6,1.5,0,1
110579,2019-10-20,8,9,ST,TURF,GOOD TO FIRM,A,Hong Kong Group Two,1600,9282,2454,2345,2287,2196,0,0,C198,K Teetan,A S Cruz,113,8,CP/TT,112,+4,1116,+1,1.33.42,4,,2/3/2/1/5/10,4,1-1-2-4,1,1,2,4,0,0,2454,2345,2291,2232,0,0,9322,0.5,0.5,N,2.5,0,0,19,"HK$ 4,250,000",2-1/2,17.0,10.0,2.2,1.8,0,0
110580,2019-10-20,8,10,ST,TURF,GOOD TO FIRM,A,Hong Kong Group Two,1600,9282,2454,2345,2287,2196,0,0,B156,H N Wong,Y S Tsui,113,1,,108,+1,1084,+23,1.35.13,5,,3/7/2/3/7/4,7,6-5-6-7,6,5,6,7,0,0,2510,2337,2267,2259,0,0,9372,3.5,3,1.75,5.75,0,0,119,"HK$ 4,250,000",5-3/4,96.0,99.0,10.0,16.0,0,0
110581,2019-10-20,8,11,ST,TURF,GOOD TO FIRM,A,Hong Kong Group Two,1600,9282,2454,2345,2287,2196,0,0,V388,M Chadwick,J Size,113,3,B,108,0,1172,+6,1.33.82,6,,6/12/6/6/5/11,8,7-8-8-8,7,8,8,8,0,0,2526,2349,2279,2224,0,0,9378,4.5,4.75,4.25,6,0,0,19,"HK$ 4,250,000",6,87.0,68.0,10.0,7.6,0,0
110582,2019-10-20,9,1,ST,TURF,GOOD TO FIRM,A,Class 2,1400,8029,1354,2183,2275,2217,0,0,B318,B Shinn,D J Hall,133,8,,103,+7,1060,+30,1.22.07,5,1,1/3/5/7/1/1,13,12-12-12-13,12,12,12,13,0,0,1442,2207,2275,2255,0,0,8179,5.5,7,7,9.25,0,0,168,"HK$ 2,100,000",9-1/4,35.0,47.0,8.1,8.7,0,0
110583,2019-10-20,9,2,ST,TURF,GOOD TO FIRM,A,Class 2,1400,8029,1354,2183,2275,2217,0,0,B328,G van Niekerk,F C Lor,132,3,XB,102,+9,1065,+9,1.21.16,4,1,1/3/1/2/2/9,12,6-8-8-12,6,8,8,12,0,0,1394,2207,2287,2274,0,0,8162,2.5,4,4.75,8.25,0,0,119,"HK$ 2,100,000",8-1/4,6.0,8.1,1.8,2.1,0,0
110584,2019-10-20,9,3,ST,TURF,GOOD TO FIRM,A,Class 2,1400,8029,1354,2183,2275,2217,0,0,B109,K H Chan,J Moore,130,4,B/TT,100,0,1046,+6,1.21.53,6,2,6/9/3/1/1/1,2,1-1-1-2,1,1,1,2,0,0,1354,2183,2275,2236,0,0,8048,0.5,0.75,1,1.25,0,0,162,"HK$ 2,100,000",1-1/4,16.0,26.0,4.2,6.1,0,1
110585,2019-10-20,9,4,ST,TURF,GOOD TO FIRM,A,Class 2,1400,8029,1354,2183,2275,2217,0,0,B224,Z Purton,F C Lor,130,2,V/TT,100,-2,1264,+4,1.21.14,5,2,11/7/8/4/2/9,10,3-3-3-10,3,3,3,10,0,0,1366,2191,2283,2289,0,0,8129,0.75,1.25,1.75,6.25,0,0,8,"HK$ 2,100,000",6-1/4,15.0,10.0,4.2,2.8,0,0
110586,2019-10-20,9,5,ST,TURF,GOOD TO FIRM,A,Class 2,1400,8029,1354,2183,2275,2217,0,0,B287,J Moreira,J Size,125,12,SR,95,+2,1131,-3,1.21.19,5,1,2/5/5/1/2/2,5,5-4-4-5,5,4,4,5,0,0,1382,2187,2275,2273,0,0,8117,1.75,2,2,5.5,0,0,14,"HK$ 2,100,000",5-1/2,3.7,3.6,1.6,1.4,0,0
110587,2019-10-20,9,6,ST,TURF,GOOD TO FIRM,A,Class 2,1400,8029,1354,2183,2275,2217,0,0,C296,A Domeyer,A T Millard,124,13,XB,94,-1,1188,+12,,5,+1,13,9,9-10-10-9,9,10,10,9,0,0,1410,2211,2279,2229,0,0,8129,3.5,5.25,5.5,6.25,0,0,175,"HK$ 2,100,000",6-1/4,71.0,99.0,9.8,17.0,0,0
110588,2019-10-20,9,7,ST,TURF,GOOD TO FIRM,A,Class 2,1400,8029,1354,2183,2275,2217,0,0,B244,K Teetan,J Moore,118,10,XB2,88,+1,1225,+9,1.21.43,5,1,2/7/1/3/1/9,7,2-2-2-7,2,2,2,7,0,0,1362,2187,2279,2295,0,0,8123,0.5,0.75,1,6,0,0,273,"HK$ 2,100,000",6,13.0,13.0,4.0,3.6,0,0
110589,2019-10-20,9,8,ST,TURF,GOOD TO FIRM,A,Class 2,1400,8029,1354,2183,2275,2217,0,0,C146,K C Leung,R Gibson,117,6,CP2/H2/TT,87,0,1087,-5,1.21.34,4,1,6/1/12/6/13/2,11,11-9-9-11,11,9,9,11,0,0,1434,2183,2275,2254,0,0,8146,5,5,5,7.25,0,0,14,"HK$ 2,100,000",7-1/4,19.0,18.0,3.5,4.4,0,0
110590,2019-10-20,9,9,ST,TURF,GOOD TO FIRM,A,Class 2,1400,8029,1354,2183,2275,2217,0,0,B112,A Sanna,D J Whyte,117,11,B-/XB/SR1,85,0,1111,-3,1.22.05,5,1,9/5/5/8/6/12,6,7-7-7-6,7,7,7,6,0,0,1394,2203,2287,2237,0,0,8121,2.5,3.75,4.5,5.75,0,0,49,"HK$ 2,100,000",5-3/4,25.0,31.0,5.8,6.4,0,0
110591,2019-10-20,9,10,ST,TURF,GOOD TO FIRM,A,Class 2,1400,8029,1354,2183,2275,2217,0,0,C431,M Chadwick,C Fownes,115,5,PC1/XB1,85,,1089,,,4,+1,,3,4-5-5-3,4,5,5,3,0,0,1374,2199,2275,2236,0,0,8084,1.25,2.25,2.25,3.5,0,0,,"HK$ 2,100,000",3-1/2,42.0,56.0,9.8,12.0,0,1
110592,2019-10-20,9,11,ST,TURF,GOOD TO FIRM,A,Class 2,1400,8029,1354,2183,2275,2217,0,0,C238,C Y Ho,K W Lui,116,1,,84,+9,1072,+11,1.21.88,4,1,1/10/1/1/1,1,8-6-6-1,8,6,6,1,0,0,1406,2187,2271,2165,0,0,8029,3.25,3.5,3.25,1.25,0,0,49,"HK$ 2,100,000",1-1/4,2.8,2.4,1.5,1.3,1,1
110593,2019-10-20,9,12,ST,TURF,GOOD TO FIRM,A,Class 2,1400,8029,1354,2183,2275,2217,0,0,C465,M F Poon,C Fownes,113,9,H1,82,,1057,,,4,2,,4,13-13-13-4,13,13,13,4,0,0,1450,2207,2275,2183,0,0,8115,6,7.5,7.5,5.5,0,0,,"HK$ 2,100,000",5-1/2,86.0,99.0,15.0,19.0,0,0
110594,2019-10-20,9,13,ST,TURF,GOOD TO FIRM,A,Class 2,1400,8029,1354,2183,2275,2217,0,0,C145,H T Mo,A S Cruz,113,7,B/TT,82,0,1043,+2,1.21.27,4,1,5/1/10/7/3/10,8,10-11-11-8,10,11,11,8,0,0,1422,2207,2295,2203,0,0,8127,4.25,5.75,7,6.25,0,0,14,"HK$ 2,100,000",6-1/4,18.0,24.0,4.2,4.3,0,0
110595,2019-10-20,10,1,ST,TURF,GOOD TO FIRM,A,Class 3,1400,8062,1321,2158,2318,2265,0,0,B316,Z Purton,C S Shum,133,12,B/TT,80,+6,1131,0,1.21.18,6,+1,1/4/2/1/8/12,2,3-2-2-2,3,2,2,2,0,0,1337,2166,2310,2253,0,0,8066,1,1.5,1,N,0,0,35,"HK$ 1,450,000",N,6.9,4.5,2.7,1.6,0,1
110596,2019-10-20,10,2,ST,TURF,GOOD TO FIRM,A,Class 3,1400,8062,1321,2158,2318,2265,0,0,C291,A Sanna,J Moore,133,2,B,80,0,1021,+25,,3,+1,14,13,7-7-7-13,7,7,7,13,0,0,1373,2202,2294,2347,0,0,8216,3.25,6,4.5,9.75,0,0,105,"HK$ 1,450,000",9-3/4,99.0,99.0,25.0,41.0,0,0
110597,2019-10-20,10,3,ST,TURF,GOOD TO FIRM,A,Class 3,1400,8062,1321,2158,2318,2265,0,0,A100,K H Chan,K L Man,133,5,H/P/TT,80,0,1111,+3,1.21.38,6,*1,5/12/1/4/1/3,7,1-1-1-7,1,1,1,7,0,0,1321,2158,2318,2362,0,0,8159,SH,1.5,1,6,0,0,35,"HK$ 1,450,000",6,15.0,23.0,2.7,4.7,0,0
110598,2019-10-20,10,4,ST,TURF,GOOD TO FIRM,A,Class 3,1400,8062,1321,2158,2318,2265,0,0,B440,,,,,,,,,,,,,,0,--,,,,0,0,0,,,,0,0,0,,,,,0,0,0,14,"HK$ 1,450,000",,,,0.0,0.0,0,0
110599,2019-10-20,10,5,ST,TURF,GOOD TO FIRM,A,Class 3,1400,8062,1321,2158,2318,2265,0,0,B463,U Rispoli,D E Ferraris,125,13,TT,72,+1,1021,+6,1.21.13,5,+1,3/1/3/2/3/1,6,13-11-11-6,13,11,11,6,0,0,1417,2202,2274,2256,0,0,8149,6,8.75,6,5.5,0,0,29,"HK$ 1,450,000",5-1/2,5.4,7.5,1.7,2.1,0,0
110600,2019-10-20,10,6,ST,TURF,GOOD TO FIRM,A,Class 3,1400,8062,1321,2158,2318,2265,0,0,C050,C Y Ho,P F Yiu,123,3,XB,70,-1,1031,+4,1.22.18,4,*1,14/7/10/8/12/12,1,6-6-5-1,6,6,5,1,0,0,1373,2194,2282,2213,0,0,8062,3.25,5.5,3.25,N,0,0,29,"HK$ 1,450,000",N,12.0,8.4,3.3,3.0,1,1
110601,2019-10-20,10,7,ST,TURF,GOOD TO FIRM,A,Class 3,1400,8062,1321,2158,2318,2265,0,0,B227,M L Yeung,T P Yung,121,4,B,68,+2,1080,+9,1.21.60,5,+1,3/3/5/5/1/3,10,2-3-4-10,2,3,4,10,0,0,1321,2190,2326,2338,0,0,8175,SH,2,2.5,7,0,0,105,"HK$ 1,450,000",7,13.0,8.4,3.2,2.6,0,0
110602,2019-10-20,10,8,ST,TURF,GOOD TO FIRM,A,Class 3,1400,8062,1321,2158,2318,2265,0,0,B383,A Domeyer,A S Cruz,120,8,B/TT,67,0,1097,+2,1.21.18,5,1,4/1/14/2/3/9,3,4-4-3-3,4,4,3,3,0,0,1345,2194,2290,2275,0,0,8104,1.5,3.75,2,2.75,0,0,19,"HK$ 1,450,000",2-3/4,9.9,9.7,3.0,2.8,0,1
110603,2019-10-20,10,9,ST,TURF,GOOD TO FIRM,A,Class 3,1400,8062,1321,2158,2318,2265,0,0,C225,G van Niekerk,F C Lor,119,7,XB,66,+1,1146,-5,1.21.64,4,+1,2/1/1,4,5-5-6-4,5,5,6,4,0,0,1349,2202,2298,2269,0,0,8118,1.75,4.5,3.25,3.5,0,0,155,"HK$ 1,450,000",3-1/2,12.0,15.0,3.6,4.2,0,0
110604,2019-10-20,10,10,ST,TURF,GOOD TO FIRM,A,Class 3,1400,8062,1321,2158,2318,2265,0,0,S093,K C Leung,P O'Sullivan,119,9,B,66,-2,1140,+8,1.21.82,9,*1,8/10/3/11/10/9,11,12-12-13-11,12,12,13,11,0,0,1413,2214,2286,2281,0,0,8194,5.75,9.25,7.25,8.25,0,0,29,"HK$ 1,450,000",8-1/4,47.0,78.0,12.0,22.0,0,0
110605,2019-10-20,10,11,ST,TURF,GOOD TO FIRM,A,Class 3,1400,8062,1321,2158,2318,2265,0,0,C284,C Schofield,D J Whyte,117,10,H-/XB,64,-1,1078,+8,1.21.75,4,+1,12/5/7/8/5/10,8,8-8-8-8,8,8,8,8,0,0,1389,2202,2278,2296,0,0,8165,4.25,7,4.5,6.5,0,0,25,"HK$ 1,450,000",6-1/2,36.0,46.0,7.7,9.6,0,0
110606,2019-10-20,10,12,ST,TURF,GOOD TO FIRM,A,Class 3,1400,8062,1321,2158,2318,2265,0,0,T380,T H So,Y S Tsui,117,1,,64,+2,1017,+5,1.21.32,8,+1,2/3/1/7/8/6,5,11-13-12-5,11,13,12,5,0,0,1409,2226,2270,2227,0,0,8132,5.5,9.75,6.75,4.5,0,0,29,"HK$ 1,450,000",4-1/2,10.0,14.0,3.1,3.6,0,0
110607,2019-10-20,10,13,ST,TURF,GOOD TO FIRM,A,Class 3,1400,8062,1321,2158,2318,2265,0,0,C056,K Teetan,A T Millard,115,11,B/XB,62,+9,1112,+10,1.21.52,4,+1,1/2/8/5/2/8,9,10-10-9-9,10,10,9,9,0,0,1409,2190,2282,2287,0,0,8168,5.5,7.5,5.25,6.75,0,0,19,"HK$ 1,450,000",6-3/4,3.2,3.4,2.2,1.8,0,0
110608,2019-10-20,10,14,ST,TURF,GOOD TO FIRM,A,Class 3,1400,8062,1321,2158,2318,2265,0,0,A314,M Chadwick,W Y So,115,6,B/H1/TT,62,-1,1163,+2,1.22.35,5,*1,10/7/4/2/8/9,12,9-9-10-12,9,9,10,12,0,0,1393,2206,2290,2312,0,0,8201,4.5,7.5,5.75,8.75,0,0,25,"HK$ 1,450,000",8-3/4,46.0,67.0,10.0,17.0,0,0
