Unnamed: 0,index,hid,finishm,age,besttime,class,horseweight,exweight,horseweightchg,distance,track,going,jname,tname,datediff,rating,ratechg,ind_win,ind_pla
27,77979,1,69.59,8.0,68.46,Class 1,1085.0,123,2.0,1200,TURF,GOOD,0.15746753246753248,0.24124513618677046,133.0,123.0,-1.0,0,0
29,77981,3,69.55,5.0,68.96,Class 1,1179.0,127,-5.0,1200,TURF,GOOD,0.2503209242618742,0.24124513618677046,98.0,117.0,0.0,0,0
30,77982,4,69.07,7.0,68.9,Class 1,1125.0,122,30.0,1200,TURF,GOOD,0.32205128205128203,0.3948717948717949,98.0,112.0,0.0,0,0
31,77983,5,69.22,6.0,69.0,Class 1,1044.0,115,1.0,1200,TURF,GOOD,0.17372621240024555,0.3948717948717949,67.0,107.0,-1.0,0,0
32,77984,6,68.91,5.0,68.55,Class 1,1089.0,116,12.0,1200,TURF,GOOD,0.26686807653575023,0.26277372262773724,84.0,106.0,1.0,0,1
33,77985,7,69.39,5.0,68.68,Class 1,1193.0,115,28.0,1200,TURF,GOOD,0.506429277942631,0.3948717948717949,133.0,105.0,0.0,0,0
34,77986,8,69.08,5.0,68.65,Class 1,1187.0,111,25.0,1200,TURF,GOOD,0.1568627450980392,0.2714776632302405,98.0,102.0,-2.0,0,0
35,77987,9,68.76,6.0,68.66,Class 1,1068.0,113,19.0,1200,TURF,GOOD,0.18149146451033246,0.24124513618677046,67.0,101.0,6.0,1,1
36,77988,10,70.09,5.0,69.88,Class 1,1237.0,113,11.0,1200,TURF,GOOD,0.2329345531315975,0.16493656286043828,60.0,94.0,6.0,0,0
311,78263,1,82.48,6.0,81.11,Class 1,1137.0,131,25.0,1400,TURF,GOOD TO FIRM,0.048689138576779034,0.24124513618677046,63.0,112.0,0.0,0,0
312,78264,2,81.83,4.0,81.62,Class 1,1125.0,129,21.0,1400,TURF,GOOD TO FIRM,0.2503209242618742,0.2714776632302405,63.0,108.0,2.0,1,1
313,78265,3,82.82,6.0,82.76,Class 1,1146.0,127,8.0,1400,TURF,GOOD TO FIRM,0.19781553398058246,0.2139673105497771,88.0,108.0,0.0,0,0
314,78266,4,82.27,4.0,81.6,Class 1,1232.0,127,13.0,1400,TURF,GOOD TO FIRM,0.2551813471502591,0.22641509433962265,140.0,106.0,6.0,0,0
315,78267,5,82.25,6.0,81.01,Class 1,1176.0,125,-2.0,1400,TURF,GOOD TO FIRM,0.506429277942631,0.21339139902014154,63.0,104.0,-3.0,0,0
316,78268,6,81.83,5.0,80.98,Class 1,1184.0,123,10.0,1400,TURF,GOOD TO FIRM,0.17372621240024555,0.24124513618677046,91.0,104.0,-2.0,0,1
317,78269,7,82.39,6.0,81.28,Class 1,1029.0,125,-3.0,1400,TURF,GOOD TO FIRM,0.17289719626168226,0.2635294117647059,91.0,104.0,-1.0,0,0
318,78270,8,82.51,9.0,81.31,Class 1,1068.0,124,-4.0,1400,TURF,GOOD TO FIRM,0.2329345531315975,0.21339139902014154,63.0,103.0,-1.0,0,0
319,78271,9,82.08,6.0,81.68,Class 1,1131.0,124,1.0,1400,TURF,GOOD TO FIRM,0.2316715542521994,0.26277372262773724,63.0,103.0,-1.0,0,1
320,78272,10,83.65,6.0,80.98,Class 1,1126.0,120,23.0,1400,TURF,GOOD TO FIRM,0.26518391787852863,0.22427603203943314,63.0,99.0,-3.0,0,0
321,78273,11,82.19,6.0,81.07,Class 1,1112.0,112,46.0,1400,TURF,GOOD TO FIRM,0.06962785114045618,0.2714776632302405,102.0,96.0,-1.0,0,0
2186,80138,1,83.12,5.0,80.98,Class 1,1180.0,129,2.0,1400,TURF,GOOD,0.4320666319625195,0.24124513618677046,44.0,106.0,0.0,0,0
2187,80139,2,82.24,6.0,81.28,Class 1,1035.0,128,6.0,1400,TURF,GOOD,0.2503209242618742,0.2635294117647059,44.0,105.0,1.0,0,0
2188,80140,3,82.52,5.0,83.3,Class 1,1045.0,128,34.0,1400,TURF,GOOD,0.2359550561797753,0.22641509433962265,125.0,105.0,0.0,0,0
2189,80141,4,82.13,9.0,81.27,Class 1,1074.0,127,-3.0,1400,TURF,GOOD,0.2551813471502591,0.21339139902014154,35.0,104.0,1.0,0,1
2190,80142,5,81.99,4.0,80.88,Class 1,1109.0,124,-6.0,1400,TURF,GOOD,0.506429277942631,0.3948717948717949,125.0,101.0,9.0,0,1
2191,80143,6,82.67,5.0,81.44,Class 1,1084.0,123,19.0,1400,TURF,GOOD,0.26518391787852863,0.21339139902014154,153.0,100.0,0.0,0,0
2192,80144,7,82.61,4.0,81.96,Class 1,1125.0,121,16.0,1400,TURF,GOOD,0.26686807653575023,0.2614023144996596,20.0,98.0,7.0,0,0
2193,80145,8,82.47,5.0,81.05,Class 1,1116.0,116,10.0,1400,TURF,GOOD,0.2329345531315975,0.22361477572559368,47.0,93.0,0.0,0,0
2194,80146,9,82.46,5.0,81.73,Class 1,1074.0,112,0.0,1400,TURF,GOOD,0.12080536912751677,0.2357414448669201,27.0,91.0,0.0,0,0
2195,80147,10,82.8,9.0,83.32,Class 1,1142.0,112,-2.0,1400,TURF,GOOD,0.1568627450980392,0.17221770917952886,27.0,91.0,-2.0,0,0
2196,80148,11,82.54,6.0,82.02,Class 1,1071.0,114,9.0,1400,TURF,GOOD,0.11684782608695653,0.22641509433962265,35.0,91.0,0.0,0,0
2197,80149,12,81.87,4.0,81.56,Class 1,1168.0,113,7.0,1400,TURF,GOOD,0.1288782816229117,0.26277372262773724,20.0,87.0,0.0,1,1
2198,80150,13,83.06,6.0,82.04,Class 1,1098.0,103,-6.0,1400,TURF,GOOD,0.25,0.16493656286043828,27.0,85.0,0.0,0,0
2199,80151,14,82.3,3.0,81.41,Class 1,1078.0,108,11.0,1400,TURF,GOOD,0.06962785114045618,0.2714776632302405,23.0,85.0,0.0,0,0
2292,80244,1,98.6,5.0,98.94,Class 1,1181.0,133,3.0,1650,ALL WEATHER TRACK,GOOD,0.2503209242618742,0.26277372262773724,10.0,113.0,-2.0,0,0
2294,80246,3,96.34,5.0,97.36,Class 1,1107.0,132,3.0,1650,ALL WEATHER TRACK,GOOD,0.4320666319625195,0.24124513618677046,140.0,112.0,7.0,1,1
2296,80248,5,97.22,6.0,99.9,Class 1,1134.0,127,-1.0,1650,ALL WEATHER TRACK,GOOD,0.048689138576779034,0.24124513618677046,24.0,109.0,-2.0,0,0
2301,80253,10,100.33,6.0,99.02,Class 1,1062.0,115,-1.0,1650,ALL WEATHER TRACK,GOOD,0.26686807653575023,0.2614023144996596,31.0,95.0,5.0,0,0
2304,80256,13,97.87,6.0,98.12,Class 1,1158.0,113,21.0,1650,ALL WEATHER TRACK,GOOD,0.11684782608695653,0.22641509433962265,31.0,92.0,-2.0,0,0
2305,80257,14,97.36,4.0,97.62,Class 1,1105.0,113,-5.0,1650,ALL WEATHER TRACK,GOOD,0.1288782816229117,0.26277372262773724,42.0,90.0,0.0,0,0
2617,80569,1,95.4,6.0,94.35,Class 1,1157.0,131,1.0,1600,TURF,GOOD,0.19781553398058246,0.2139673105497771,21.0,106.0,-2.0,0,0
2619,80571,3,94.83,5.0,94.0,Class 1,1040.0,132,-5.0,1600,TURF,GOOD,0.1595744680851064,0.22641509433962265,15.0,105.0,0.0,0,0
2620,80572,4,94.74,6.0,93.89,Class 1,1186.0,130,-1.0,1600,TURF,GOOD,0.2551813471502591,0.21339139902014154,59.0,103.0,-1.0,0,0
2621,80573,5,94.37,6.0,93.97,Class 1,1113.0,128,-7.0,1600,TURF,GOOD,0.26518391787852863,0.26277372262773724,21.0,101.0,-1.0,0,0
2622,80574,6,94.61,5.0,94.92,Class 1,1080.0,127,-4.0,1600,TURF,GOOD,0.2503209242618742,0.21339139902014154,15.0,100.0,0.0,0,0
2623,80575,7,94.16,6.0,95.1,Class 1,1083.0,125,-2.0,1600,TURF,GOOD,0.2329345531315975,0.2635294117647059,11.0,98.0,0.0,0,0
2624,80576,8,94.27,6.0,94.4,Class 1,1160.0,125,-4.0,1600,TURF,GOOD,0.26686807653575023,0.2763063707945598,21.0,98.0,-1.0,0,0
2626,80578,10,94.22,4.0,95.33,Class 1,1163.0,124,5.0,1600,TURF,GOOD,0.4320666319625195,0.22427603203943314,259.0,97.0,0.0,0,0
2627,80579,11,93.84,6.0,96.8,Class 1,1096.0,116,-18.0,1600,TURF,GOOD,0.06962785114045618,0.2714776632302405,50.0,94.0,-2.0,1,1
2628,80580,12,94.31,5.0,93.67,Class 1,1113.0,118,-11.0,1600,TURF,GOOD,0.12080536912751677,0.2139673105497771,21.0,93.0,-1.0,0,0
2629,80581,13,93.89,5.0,94.13,Class 1,1054.0,114,-20.0,1600,TURF,GOOD,0.17372621240024555,0.2357414448669201,15.0,89.0,-2.0,0,1
3049,81001,1,82.89,5.0,82.12,Class 1,1129.0,132,-9.0,1400,TURF,GOOD,0.1111111111111111,0.13438735177865613,22.0,111.0,0.0,0,0
3050,81002,2,83.54,6.0,82.29,Class 1,1222.0,132,35.0,1400,TURF,GOOD,0.2316715542521994,0.19189907038512616,25.0,111.0,-2.0,0,0
3051,81003,3,83.9,6.0,82.6,Class 1,1077.0,130,9.0,1400,TURF,GOOD,0.4320666319625195,0.24124513618677046,22.0,109.0,0.0,0,0
3052,81004,4,83.02,5.0,81.58,Class 1,1079.0,127,-4.0,1400,TURF,GOOD,0.34177215189873417,0.26277372262773724,25.0,106.0,-1.0,0,0
3053,81005,5,82.7,6.0,81.28,Class 1,1046.0,116,11.0,1400,TURF,GOOD,0.15746753246753248,0.2635294117647059,29.0,105.0,0.0,0,0
3054,81006,6,82.78,6.0,81.45,Class 1,1128.0,120,15.0,1400,TURF,GOOD,0.2264957264957265,0.26277372262773724,14.0,99.0,-2.0,0,0
3055,81007,7,82.8,6.0,82.76,Class 1,1157.0,125,0.0,1400,TURF,GOOD,0.0,0.2139673105497771,14.0,104.0,-2.0,0,0
3056,81008,8,83.21,9.0,81.27,Class 1,1076.0,125,2.0,1400,TURF,GOOD,0.2551813471502591,0.21339139902014154,29.0,104.0,0.0,0,0
3057,81009,9,83.36,5.0,82.52,Class 1,1034.0,125,-6.0,1400,TURF,GOOD,0.2329345531315975,0.22641509433962265,14.0,104.0,-1.0,0,0
3058,81010,10,82.25,4.0,80.88,Class 1,1129.0,124,20.0,1400,TURF,GOOD,0.506429277942631,0.3948717948717949,29.0,103.0,2.0,1,1
3061,81013,13,82.53,4.0,81.56,Class 1,1170.0,120,10.0,1400,TURF,GOOD,0.1288782816229117,0.26277372262773724,14.0,99.0,2.0,0,0
3062,81014,14,82.31,6.0,81.07,Class 1,1088.0,120,-8.0,1400,TURF,GOOD,0.3818181818181817,0.2714776632302405,14.0,99.0,5.0,0,1
4121,82073,1,68.78,6.0,67.45,Class 1,1227.0,126,19.0,1200,ALL WEATHER TRACK,WET SLOW,0.15746753246753248,0.24124513618677046,16.0,114.0,-2.0,0,0
4122,82074,2,68.9,7.0,67.85,Class 1,1135.0,128,-6.0,1200,ALL WEATHER TRACK,WET SLOW,0.32592592592592595,0.3948717948717949,60.0,109.0,-1.0,0,0
4123,82075,3,70.53,6.0,69.44,Class 1,1074.0,127,4.0,1200,ALL WEATHER TRACK,WET SLOW,0.26518391787852863,0.24124513618677046,16.0,108.0,-1.0,0,0
4124,82076,4,68.54,6.0,67.4,Class 1,1142.0,123,6.0,1200,ALL WEATHER TRACK,WET SLOW,0.506429277942631,0.3948717948717949,42.0,104.0,8.0,0,1
4125,82077,5,68.07,6.0,67.95,Class 1,1052.0,121,26.0,1200,ALL WEATHER TRACK,WET SLOW,0.2551813471502591,0.2357414448669201,246.0,102.0,-1.0,1,1
4127,82079,7,69.07,5.0,68.68,Class 1,1204.0,116,5.0,1200,ALL WEATHER TRACK,WET SLOW,0.17372621240024555,0.2714776632302405,16.0,99.0,-2.0,0,0
4128,82080,8,68.87,7.0,68.11,Class 1,1082.0,112,21.0,1200,ALL WEATHER TRACK,WET SLOW,0.19781553398058246,0.2614023144996596,42.0,95.0,0.0,0,0
4130,82082,10,68.83,7.0,67.46,Class 1,1160.0,113,-9.0,1200,ALL WEATHER TRACK,WET SLOW,0.3131749460043197,0.1735159817351598,29.0,92.0,-2.0,0,0
4131,82083,11,70.01,6.0,68.53,Class 1,1179.0,111,21.0,1200,ALL WEATHER TRACK,WET SLOW,0.1568627450980392,0.22641509433962265,60.0,90.0,-2.0,0,0
4132,82084,12,68.41,5.0,67.96,Class 1,1099.0,113,8.0,1200,ALL WEATHER TRACK,WET SLOW,0.26686807653575023,0.26277372262773724,42.0,90.0,1.0,0,1
4858,82810,1,81.49,7.0,80.99,Class 1,1108.0,133,2.0,1400,TURF,GOOD,0.1288782816229117,0.26277372262773724,10.0,114.0,0.0,0,0
4859,82811,2,81.44,7.0,81.57,Class 1,1060.0,132,-5.0,1400,TURF,GOOD,0.32592592592592595,0.26277372262773724,10.0,113.0,0.0,0,1
4860,82812,3,81.64,6.0,81.46,Class 1,1168.0,132,6.0,1400,TURF,GOOD,0.32205128205128203,0.26277372262773724,10.0,113.0,-2.0,0,0
4861,82813,4,83.47,7.0,81.75,Class 1,1178.0,128,-20.0,1400,TURF,GOOD,0.2329345531315975,0.2635294117647059,81.0,109.0,-1.0,0,0
4862,82814,5,81.67,6.0,81.64,Class 1,1060.0,124,-9.0,1400,TURF,GOOD,0.17372621240024555,0.24124513618677046,10.0,107.0,0.0,0,0
4863,82815,6,82.33,7.0,81.16,Class 1,1136.0,126,1.0,1400,TURF,GOOD,0.26518391787852863,0.3948717948717949,24.0,107.0,-2.0,0,0
4864,82816,7,81.2,4.0,81.58,Class 1,1174.0,124,-7.0,1400,TURF,GOOD,0.506429277942631,0.3948717948717949,17.0,105.0,0.0,1,1
4865,82817,8,81.9,6.0,81.01,Class 1,1179.0,120,-7.0,1400,TURF,GOOD,0.2551813471502591,0.21339139902014154,73.0,101.0,-2.0,0,0
4866,82818,9,81.43,6.0,81.28,Class 1,1044.0,118,-7.0,1400,TURF,GOOD,0.3131749460043197,0.2635294117647059,17.0,99.0,-2.0,0,1
4867,82819,10,81.48,5.0,81.73,Class 1,1054.0,114,-6.0,1400,TURF,GOOD,0.26686807653575023,0.2357414448669201,32.0,95.0,3.0,0,0
4869,82821,12,82.6,4.0,83.56,Class 1,1020.0,113,-5.0,1400,TURF,GOOD,0.2307692307692308,0.24124513618677046,17.0,90.0,0.0,0,0
5312,83264,1,100.24,5.0,99.6,Class 1,1156.0,133,13.0,1650,TURF,GOOD,0.2503209242618742,0.2714776632302405,18.0,110.0,4.0,0,0
5314,83266,3,101.64,7.0,99.89,Class 1,1204.0,129,45.0,1650,TURF,GOOD,0.4320666319625195,0.19189907038512616,49.0,106.0,-3.0,0,0
5315,83267,4,100.49,6.0,99.72,Class 1,1179.0,127,-9.0,1650,TURF,GOOD,0.2551813471502591,0.26277372262773724,18.0,104.0,-2.0,0,0
5317,83269,6,100.11,5.0,99.24,Class 1,1116.0,118,14.0,1650,TURF,GOOD,0.506429277942631,0.24124513618677046,35.0,95.0,8.0,0,1
5318,83270,7,99.83,5.0,99.93,Class 1,1064.0,116,-8.0,1650,TURF,GOOD,0.26686807653575023,0.2635294117647059,35.0,93.0,1.0,1,1
5319,83271,8,100.22,6.0,99.86,Class 1,1177.0,115,-2.0,1650,TURF,GOOD,0.2329345531315975,0.2763063707945598,31.0,92.0,-2.0,0,0
5320,83272,9,100.2,7.0,99.49,Class 1,1037.0,107,-13.0,1650,TURF,GOOD,0.15746753246753248,0.21339139902014154,35.0,91.0,-1.0,0,1
5333,83285,1,69.87,6.0,69.1,Class 1,1210.0,133,-4.0,1200,TURF,GOOD,0.4320666319625195,0.24124513618677046,24.0,110.0,-2.0,1,1
5334,83286,2,70.84,7.0,69.37,Class 1,1101.0,133,-8.0,1200,TURF,GOOD,0.32592592592592595,0.26277372262773724,24.0,110.0,3.0,0,0
5335,83287,3,70.64,7.0,69.16,Class 1,1175.0,130,-3.0,1200,TURF,GOOD,0.2503209242618742,0.2635294117647059,14.0,107.0,-2.0,0,0
5336,83288,4,70.53,7.0,69.26,Class 1,1147.0,128,11.0,1200,TURF,GOOD,0.26518391787852863,0.3948717948717949,14.0,105.0,-2.0,0,0
5337,83289,5,70.41,5.0,69.25,Class 1,1201.0,118,3.0,1200,TURF,GOOD,0.2551813471502591,0.2714776632302405,10.0,95.0,-2.0,0,0
5338,83290,6,70.25,5.0,69.78,Class 1,1099.0,117,-10.0,1200,TURF,GOOD,0.2329345531315975,0.26277372262773724,21.0,94.0,0.0,0,1
5339,83291,7,70.4,5.0,69.9,Class 1,1167.0,116,1.0,1200,TURF,GOOD,0.506429277942631,0.3948717948717949,21.0,93.0,-1.0,0,0
5340,83292,8,70.37,4.0,69.66,Class 1,1081.0,114,4.0,1200,TURF,GOOD,0.26686807653575023,0.23462783171521034,21.0,91.0,0.0,0,0
5341,83293,9,70.42,4.0,70.3,Class 1,1118.0,113,-5.0,1200,TURF,GOOD,0.18149146451033246,0.24124513618677046,24.0,90.0,0.0,0,0
5342,83294,10,70.2,5.0,69.79,Class 1,1074.0,111,-6.0,1200,TURF,GOOD,0.1568627450980392,0.2357414448669201,21.0,89.0,2.0,0,1
5343,83295,11,70.44,6.0,69.13,Class 1,1235.0,111,11.0,1200,TURF,GOOD,0.19781553398058246,0.16493656286043828,35.0,89.0,-2.0,0,0
5610,83562,1,55.16,5.0,55.71,Class 1,1148.0,133,-1.0,1000,TURF,GOOD,0.4320666319625195,0.26277372262773724,35.0,127.0,0.0,1,1
5611,83563,2,55.17,7.0,55.71,Class 1,1129.0,120,-17.0,1000,TURF,GOOD,0.506429277942631,0.2635294117647059,35.0,114.0,-1.0,0,1
5612,83564,3,55.22,6.0,55.81,Class 1,1159.0,106,-32.0,1000,TURF,GOOD,0.25,0.2614023144996596,35.0,110.0,-4.0,0,1
5613,83565,4,56.45,7.0,55.88,Class 1,1098.0,114,-3.0,1000,TURF,GOOD,0.19781553398058246,0.26277372262773724,11.0,110.0,0.0,0,0
5614,83566,5,55.35,6.0,55.49,Class 1,1176.0,116,-9.0,1000,TURF,GOOD,0.2551813471502591,0.2357414448669201,65.0,110.0,-1.0,0,0
5615,83567,6,55.51,6.0,56.43,Class 1,1065.0,111,-6.0,1000,TURF,GOOD,0.1568627450980392,0.3948717948717949,42.0,105.0,0.0,0,0
5616,83568,7,55.96,8.0,55.56,Class 1,1115.0,108,-1.0,1000,TURF,GOOD,0.06962785114045618,0.21339139902014154,35.0,92.0,0.0,0,0
5617,83569,8,55.76,6.0,55.63,Class 1,1226.0,113,-11.0,1000,TURF,GOOD,0.26686807653575023,0.2242152466367713,35.0,90.0,8.0,0,0
5832,83784,1,95.05,5.0,93.66,Class 1,1141.0,133,0.0,1600,TURF,GOOD,0.2503209242618742,0.2714776632302405,14.0,120.0,0.0,0,0
5833,83785,2,94.66,5.0,94.16,Class 1,1204.0,128,-17.0,1600,TURF,GOOD,0.4320666319625195,0.3948717948717949,42.0,115.0,5.0,0,1
5834,83786,3,94.52,7.0,93.81,Class 1,1099.0,125,-6.0,1600,TURF,GOOD,0.506429277942631,0.26277372262773724,14.0,112.0,-1.0,1,1
5835,83787,4,94.86,6.0,93.84,Class 1,1103.0,121,-9.0,1600,TURF,GOOD,0.26686807653575023,0.2714776632302405,14.0,108.0,0.0,0,1
5836,83788,5,94.91,6.0,93.98,Class 1,1070.0,112,-6.0,1600,TURF,GOOD,0.1568627450980392,0.3948717948717949,7.0,101.0,-2.0,0,0
5837,83789,6,95.25,6.0,94.05,Class 1,1134.0,111,-14.0,1600,TURF,GOOD,0.19781553398058246,0.2763063707945598,36.0,100.0,0.0,0,0
6125,84077,1,69.3,6.0,69.58,Class 1,1178.0,133,2.0,1200,TURF,GOOD,0.34177215189873417,0.2357414448669201,14.0,109.0,-1.0,0,0
6126,84078,2,69.5,6.0,69.55,Class 1,1164.0,133,-2.0,1200,TURF,GOOD,0.2503209242618742,0.26277372262773724,21.0,109.0,-2.0,0,0
6127,84079,3,69.61,7.0,68.63,Class 1,1100.0,132,2.0,1200,TURF,GOOD,0.0,0.26277372262773724,14.0,108.0,-2.0,0,0
6128,84080,4,69.7,7.0,68.37,Class 1,1179.0,129,4.0,1200,TURF,GOOD,0.16455696202531644,0.2635294117647059,25.0,105.0,-2.0,0,0
6129,84081,5,70.37,6.0,68.66,Class 1,1076.0,129,16.0,1200,TURF,GOOD,0.18149146451033246,0.24124513618677046,39.0,105.0,-2.0,0,0
6130,84082,6,68.89,4.0,68.73,Class 1,1077.0,127,-8.0,1200,TURF,GOOD,0.26518391787852863,0.25961538461538464,35.0,103.0,1.0,1,1
6131,84083,7,69.29,4.0,68.46,Class 1,1195.0,127,-8.0,1200,TURF,GOOD,0.506429277942631,0.2635294117647059,49.0,103.0,0.0,0,1
6132,84084,8,69.75,7.0,68.9,Class 1,1142.0,123,-3.0,1200,TURF,GOOD,0.1568627450980392,0.3948717948717949,14.0,101.0,-4.0,0,0
6133,84085,9,69.3,4.0,69.65,Class 1,1081.0,121,-10.0,1200,TURF,GOOD,0.26686807653575023,0.3948717948717949,11.0,97.0,7.0,0,0
6134,84086,10,70.16,7.0,70.18,Class 1,1141.0,116,-8.0,1200,TURF,GOOD,0.17372621240024555,0.24124513618677046,123.0,94.0,0.0,0,0
6135,84087,11,69.29,5.0,68.65,Class 1,1199.0,117,-2.0,1200,TURF,GOOD,0.2551813471502591,0.2714776632302405,25.0,93.0,-2.0,0,1
6136,84088,12,69.46,8.0,69.03,Class 1,1112.0,106,-3.0,1200,TURF,GOOD,0.25,0.21339139902014154,14.0,92.0,0.0,0,0
6253,84205,3,110.51,6.0,108.52,Class 1,1226.0,121,15.0,1800,TURF,GOOD TO YIELDING,0.18149146451033246,0.2714776632302405,24.0,112.0,-2.0,0,0
6254,84206,4,110.41,5.0,108.62,Class 1,1148.0,119,-8.0,1800,TURF,GOOD TO YIELDING,0.2503209242618742,0.2714776632302405,28.0,110.0,0.0,0,0
6255,84207,5,110.17,6.0,108.52,Class 1,1163.0,115,-7.0,1800,TURF,GOOD TO YIELDING,0.19781553398058246,0.2139673105497771,24.0,108.0,0.0,0,0
6256,84208,6,109.9,5.0,108.63,Class 1,1135.0,114,-11.0,1800,TURF,GOOD TO YIELDING,0.2329345531315975,0.2357414448669201,77.0,105.0,1.0,0,1
6257,84209,7,109.99,6.0,108.96,Class 1,1120.0,114,-2.0,1800,TURF,GOOD TO YIELDING,0.11684782608695653,0.13438735177865613,17.0,105.0,-3.0,0,0
6258,84210,8,110.35,5.0,108.69,Class 1,1102.0,113,7.0,1800,TURF,GOOD TO YIELDING,0.13793103448275862,0.2635294117647059,17.0,102.0,0.0,0,0
6259,84211,9,109.46,5.0,110.26,Class 1,1073.0,113,9.0,1800,TURF,GOOD TO YIELDING,0.26686807653575023,0.2635294117647059,28.0,100.0,7.0,1,1
6260,84212,10,111.36,6.0,109.41,Class 1,1068.0,111,-2.0,1800,TURF,GOOD TO YIELDING,0.1568627450980392,0.3948717948717949,10.0,100.0,-1.0,0,0
6261,84213,11,109.96,7.0,110.12,Class 1,1028.0,103,-9.0,1800,TURF,GOOD TO YIELDING,0.25,0.21339139902014154,28.0,91.0,0.0,0,1
6673,84625,3,68.87,6.0,69.44,Class 1,1070.0,126,-6.0,1200,ALL WEATHER TRACK,GOOD,0.21557719054242006,0.24124513618677046,17.0,103.0,-2.0,0,0
6677,84629,7,68.65,7.0,68.57,Class 1,1143.0,113,2.0,1200,ALL WEATHER TRACK,GOOD,0.17372621240024555,0.24124513618677046,17.0,92.0,-2.0,0,1
6678,84630,8,68.35,5.0,67.96,Class 1,1095.0,115,2.0,1200,ALL WEATHER TRACK,GOOD,0.26686807653575023,0.26277372262773724,24.0,92.0,-1.0,1,1
7000,84952,1,80.77,5.0,81.41,Class 1,1149.0,128,1.0,1400,TURF,GOOD TO FIRM,0.2503209242618742,0.2714776632302405,24.0,109.0,-1.0,0,1
7001,84953,2,81.5,6.0,81.07,Class 1,1089.0,122,-5.0,1400,TURF,GOOD TO FIRM,0.06962785114045618,0.2714776632302405,13.0,108.0,0.0,0,0
7002,84954,3,80.95,4.0,81.96,Class 1,1133.0,124,16.0,1400,TURF,GOOD TO FIRM,0.21557719054242006,0.2614023144996596,27.0,105.0,0.0,0,0
7003,84955,4,81.16,4.0,81.56,Class 1,1152.0,124,-24.0,1400,TURF,GOOD TO FIRM,0.4320666319625195,0.26277372262773724,13.0,105.0,0.0,0,0
7004,84956,5,80.9,6.0,81.76,Class 1,1114.0,113,-3.0,1400,TURF,GOOD TO FIRM,0.25,0.13438735177865613,10.0,104.0,1.0,0,1
7005,84957,6,80.52,3.0,82.42,Class 1,1165.0,118,-10.0,1400,TURF,GOOD TO FIRM,0.506429277942631,0.26277372262773724,19.0,99.0,8.0,1,1
7562,85514,1,111.22,5.0,108.62,Class 1,1145.0,133,-4.0,1800,TURF,GOOD,0.2503209242618742,0.2714776632302405,18.0,110.0,1.0,0,0
7563,85515,2,111.26,5.0,108.63,Class 1,1130.0,128,-5.0,1800,TURF,GOOD,0.506429277942631,0.2357414448669201,42.0,105.0,0.0,0,0
7564,85516,3,111.33,6.0,108.42,Class 1,1163.0,119,-4.0,1800,TURF,GOOD,0.26686807653575023,0.26277372262773724,10.0,96.0,-3.0,0,0
7565,85517,4,110.99,5.0,109.24,Class 1,1082.0,119,11.0,1800,TURF,GOOD,0.21557719054242006,0.24124513618677046,21.0,96.0,0.0,0,1
7567,85519,6,111.18,5.0,108.34,Class 1,1131.0,111,2.0,1800,TURF,GOOD,0.1568627450980392,0.3948717948717949,31.0,89.0,-2.0,0,0
7568,85520,7,111.12,5.0,110.57,Class 1,1116.0,113,6.0,1800,TURF,GOOD,0.1288782816229117,0.2763063707945598,21.0,89.0,0.0,0,1
7570,85522,9,111.58,6.0,111.83,Class 1,1106.0,111,-8.0,1800,TURF,GOOD,0.19781553398058246,0.2763063707945598,21.0,87.0,0.0,0,0
9628,87580,1,93.33,4.0,94.65,Class 1,1075.0,133,-3.0,1600,TURF,GOOD TO FIRM,0.506429277942631,0.26277372262773724,21.0,114.0,8.0,1,1
9629,87581,2,94.12,4.0,93.92,Class 1,1165.0,122,17.0,1600,TURF,GOOD TO FIRM,0.25,0.26277372262773724,21.0,110.0,5.0,0,0
9630,87582,3,94.36,5.0,94.51,Class 1,1150.0,126,2.0,1600,TURF,GOOD TO FIRM,0.18149146451033246,0.2714776632302405,21.0,107.0,-2.0,0,0
9631,87583,4,93.84,6.0,94.35,Class 1,1166.0,123,7.0,1600,TURF,GOOD TO FIRM,0.19781553398058246,0.2139673105497771,21.0,106.0,1.0,0,1
9632,87584,5,94.52,6.0,94.84,Class 1,1127.0,122,9.0,1600,TURF,GOOD TO FIRM,0.2503209242618742,0.2614023144996596,70.0,103.0,-1.0,0,0
9633,87585,6,93.68,4.0,93.91,Class 1,1148.0,119,3.0,1600,TURF,GOOD TO FIRM,0.2551813471502591,0.26277372262773724,14.0,100.0,6.0,0,1
9634,87586,7,93.88,5.0,94.69,Class 1,1024.0,118,-4.0,1600,TURF,GOOD TO FIRM,0.11684782608695653,0.26454709058188364,49.0,99.0,3.0,0,0
9635,87587,8,94.2,5.0,94.39,Class 1,1107.0,117,8.0,1600,TURF,GOOD TO FIRM,0.26686807653575023,0.2635294117647059,21.0,98.0,-2.0,0,0
9636,87588,9,94.6,5.0,95.94,Class 1,1086.0,114,12.0,1600,TURF,GOOD TO FIRM,0.17372621240024555,0.24124513618677046,49.0,97.0,0.0,0,0
9707,87659,1,68.49,6.0,68.47,Class 1,1160.0,133,6.0,1200,TURF,GOOD,0.11684782608695653,0.2614023144996596,76.0,121.0,0.0,0,0
9708,87660,2,70.3,6.0,68.37,Class 1,1172.0,126,6.0,1200,TURF,GOOD,0.4320666319625195,0.24124513618677046,76.0,114.0,-1.0,0,0
9709,87661,3,69.05,5.0,69.29,Class 1,1166.0,122,1.0,1200,TURF,GOOD,0.2026431718061674,0.26277372262773724,55.0,110.0,0.0,0,0
9710,87662,4,68.69,7.0,68.57,Class 1,1192.0,109,26.0,1200,TURF,GOOD,0.23423423423423426,0.2614023144996596,150.0,107.0,-3.0,0,0
9711,87663,5,68.36,5.0,68.91,Class 1,1129.0,117,-4.0,1200,TURF,GOOD,0.26686807653575023,0.2614023144996596,140.0,105.0,0.0,0,1
9712,87664,6,68.19,5.0,69.2,Class 1,1135.0,117,14.0,1200,TURF,GOOD,0.506429277942631,0.26454709058188364,59.0,105.0,11.0,1,1
9713,87665,7,68.56,5.0,69.02,Class 1,1069.0,114,11.0,1200,TURF,GOOD,0.2551813471502591,0.25961538461538464,59.0,102.0,0.0,0,0
9714,87666,8,68.39,7.0,68.66,Class 1,1063.0,111,9.0,1200,TURF,GOOD,0.12080536912751677,0.24124513618677046,76.0,96.0,-3.0,0,0
9715,87667,9,68.66,5.0,69.03,Class 1,1073.0,111,6.0,1200,TURF,GOOD,0.19781553398058246,0.23462783171521034,76.0,95.0,0.0,0,0
9716,87668,10,69.05,8.0,68.37,Class 1,1167.0,106,-11.0,1200,TURF,GOOD,0.25,0.2635294117647059,59.0,95.0,-5.0,0,0
9717,87669,11,68.33,6.0,68.53,Class 1,1180.0,113,13.0,1200,TURF,GOOD,0.18149146451033246,0.2714776632302405,76.0,92.0,-3.0,0,1
10012,87964,1,81.8,6.0,82.57,Class 1,1081.0,126,-1.0,1400,TURF,GOOD,0.25,0.2635294117647059,140.0,111.0,11.0,0,0
10013,87965,2,82.39,6.0,81.92,Class 1,1207.0,128,-3.0,1400,TURF,GOOD,0.18149146451033246,0.2714776632302405,140.0,106.0,-6.0,0,0
10014,87966,3,81.33,6.0,80.77,Class 1,1163.0,127,13.0,1400,TURF,GOOD,0.2503209242618742,0.2714776632302405,63.0,105.0,-2.0,0,0
10015,87967,4,81.78,5.0,82.75,Class 1,1071.0,124,2.0,1400,TURF,GOOD,0.2551813471502591,0.25961538461538464,8.0,102.0,0.0,0,0
10016,87968,5,81.17,4.0,81.71,Class 1,1154.0,124,6.0,1400,TURF,GOOD,0.506429277942631,0.26277372262773724,63.0,102.0,2.0,0,1
10017,87969,6,81.53,7.0,80.99,Class 1,1187.0,123,-17.0,1400,TURF,GOOD,0.32205128205128203,0.21339139902014154,63.0,101.0,5.0,0,0
10018,87970,7,81.67,6.0,81.44,Class 1,1071.0,123,-19.0,1400,TURF,GOOD,0.4320666319625195,0.21339139902014154,231.0,101.0,6.0,0,0
10019,87971,8,82.37,6.0,81.77,Class 1,1189.0,122,7.0,1400,TURF,GOOD,0.1288782816229117,0.25961538461538464,88.0,100.0,0.0,0,0
10020,87972,9,82.32,6.0,80.9,Class 1,1167.0,112,40.0,1400,TURF,GOOD,0.23423423423423426,0.2614023144996596,63.0,100.0,-3.0,0,0
10021,87973,10,81.66,5.0,83.52,Class 1,1122.0,121,1.0,1400,TURF,GOOD,0.26518391787852863,0.3948717948717949,120.0,99.0,0.0,0,0
10022,87974,11,81.22,7.0,81.64,Class 1,1066.0,117,3.0,1400,TURF,GOOD,0.17372621240024555,0.24124513618677046,8.0,97.0,1.0,0,1
10023,87975,12,81.16,6.0,85.27,Class 1,1090.0,116,4.0,1400,TURF,GOOD,0.19781553398058246,0.24124513618677046,63.0,96.0,-1.0,1,1
11325,89277,3,101.11,6.0,99.24,Class 1,1091.0,127,1.0,1650,TURF,GOOD TO FIRM,0.4320666319625195,0.24124513618677046,45.0,101.0,5.0,0,0
11326,89278,4,100.7,6.0,99.72,Class 1,1162.0,126,-2.0,1650,TURF,GOOD TO FIRM,0.506429277942631,0.26277372262773724,3.0,100.0,0.0,1,1
11328,89280,6,100.75,5.0,101.33,Class 1,1212.0,125,10.0,1650,TURF,GOOD TO FIRM,0.2026431718061674,0.26277372262773724,28.0,99.0,0.0,0,1
11330,89282,8,101.12,7.0,101.23,Class 1,1100.0,122,12.0,1650,TURF,GOOD TO FIRM,0.2329345531315975,0.22641509433962265,28.0,96.0,0.0,0,0
11331,89283,9,101.05,5.0,99.75,Class 1,1008.0,118,22.0,1650,TURF,GOOD TO FIRM,0.17372621240024555,0.24124513618677046,28.0,94.0,6.0,0,0
11332,89284,10,101.09,5.0,101.55,Class 1,1075.0,119,3.0,1650,TURF,GOOD TO FIRM,0.3131749460043197,0.23462783171521034,28.0,93.0,-2.0,0,0
11333,89285,11,100.74,7.0,101.0,Class 1,1051.0,118,-4.0,1650,TURF,GOOD TO FIRM,0.26686807653575023,0.2635294117647059,28.0,92.0,0.0,0,1
11892,89844,1,81.29,5.0,80.95,Class 1,1140.0,132,6.0,1400,TURF,GOOD,0.4320666319625195,0.2614023144996596,20.0,106.0,0.0,0,1
11893,89845,2,82.51,5.0,80.94,Class 1,1045.0,131,14.0,1400,TURF,GOOD,0.32205128205128203,0.26454709058188364,48.0,105.0,6.0,0,0
11894,89846,3,81.15,5.0,81.09,Class 1,1265.0,128,19.0,1400,TURF,GOOD,0.2329345531315975,0.26277372262773724,27.0,102.0,9.0,0,1
11895,89847,4,82.64,6.0,81.16,Class 1,1094.0,127,3.0,1400,TURF,GOOD,0.26518391787852863,0.24124513618677046,17.0,101.0,0.0,0,0
11896,89848,5,82.17,7.0,80.99,Class 1,1205.0,126,-20.0,1400,TURF,GOOD,0.147239263803681,0.21339139902014154,17.0,100.0,-1.0,0,0
11897,89849,6,82.85,7.0,82.48,Class 1,1222.0,121,18.0,1400,TURF,GOOD,0.11564625850340135,0.2242152466367713,27.0,95.0,0.0,0,0
11898,89850,7,81.45,4.0,81.41,Class 1,1059.0,121,-4.0,1400,TURF,GOOD,0.3131749460043197,0.2714776632302405,20.0,95.0,2.0,0,0
11899,89851,8,81.57,7.0,81.28,Class 1,1053.0,120,2.0,1400,TURF,GOOD,0.26686807653575023,0.2635294117647059,17.0,94.0,2.0,0,0
11901,89853,10,81.59,5.0,82.35,Class 1,1082.0,113,13.0,1400,TURF,GOOD,0.25,0.2763063707945598,48.0,92.0,0.0,0,0
11902,89854,11,81.55,5.0,80.9,Class 1,1150.0,117,3.0,1400,TURF,GOOD,0.2026431718061674,0.19189907038512616,27.0,91.0,0.0,0,0
11903,89855,12,81.42,6.0,81.48,Class 1,1078.0,113,-2.0,1400,TURF,GOOD,0.17372621240024555,0.2357414448669201,13.0,89.0,0.0,0,0
11904,89856,13,81.74,6.0,81.81,Class 1,1145.0,115,1.0,1400,TURF,GOOD,0.18149146451033246,0.3948717948717949,20.0,89.0,1.0,0,0
11905,89857,14,81.57,6.0,84.4,Class 1,1132.0,113,-5.0,1400,TURF,GOOD,0.11684782608695653,0.23462783171521034,42.0,86.0,-1.0,0,0
12287,90239,1,94.12,5.0,93.88,Class 1,1035.0,133,-10.0,1600,TURF,GOOD,0.32205128205128203,0.26454709058188364,15.0,105.0,0.0,0,1
12288,90240,2,94.53,6.0,94.04,Class 1,1155.0,133,-13.0,1600,TURF,GOOD,0.506429277942631,0.26277372262773724,21.0,105.0,0.0,0,0
12289,90241,3,94.95,6.0,94.6,Class 1,1099.0,129,5.0,1600,TURF,GOOD,0.2503209242618742,0.24124513618677046,15.0,101.0,0.0,0,0
12290,90242,4,94.89,7.0,93.89,Class 1,1206.0,126,1.0,1600,TURF,GOOD,0.11564625850340135,0.21339139902014154,15.0,98.0,-2.0,0,0
12291,90243,5,95.48,5.0,94.5,Class 1,1091.0,124,-11.0,1600,TURF,GOOD,0.4320666319625195,0.24124513618677046,21.0,96.0,-1.0,0,0
12292,90244,6,94.52,5.0,94.26,Class 1,1140.0,120,-10.0,1600,TURF,GOOD,0.17372621240024555,0.3948717948717949,7.0,94.0,-2.0,0,0
12293,90245,7,94.3,7.0,94.13,Class 1,1055.0,122,2.0,1600,TURF,GOOD,0.2329345531315975,0.2635294117647059,15.0,94.0,0.0,0,0
12294,90246,8,96.1,8.0,94.67,Class 1,1178.0,111,20.0,1600,TURF,GOOD,0.23423423423423426,0.2242152466367713,28.0,93.0,5.0,0,0
12295,90247,9,94.93,5.0,94.04,Class 1,1088.0,118,6.0,1600,TURF,GOOD,0.2222222222222222,0.2763063707945598,15.0,90.0,-2.0,0,0
12296,90248,10,94.11,5.0,97.49,Class 1,1122.0,117,4.0,1600,TURF,GOOD,0.26518391787852863,0.2357414448669201,21.0,89.0,0.0,0,1
12297,90249,11,94.76,4.0,94.12,Class 1,1227.0,116,4.0,1600,TURF,GOOD,0.18149146451033246,0.2714776632302405,85.0,88.0,0.0,0,0
12298,90250,12,94.08,5.0,94.47,Class 1,1045.0,115,-9.0,1600,TURF,GOOD,0.2026431718061674,0.24124513618677046,7.0,87.0,-2.0,1,1
12299,90251,13,95.33,7.0,94.6,Class 1,1116.0,115,-2.0,1600,TURF,GOOD,0.26686807653575023,0.2763063707945598,60.0,87.0,0.0,0,0
12733,90685,1,83.38,4.0,80.52,Class 1,1177.0,133,10.0,1400,TURF,GOOD,0.34177215189873417,0.26277372262773724,196.0,114.0,0.0,0,0
12734,90686,2,83.99,6.0,81.21,Class 1,1161.0,131,-12.0,1400,TURF,GOOD,0.2503209242618742,0.24124513618677046,21.0,112.0,-1.0,0,0
12736,90688,4,83.77,5.0,80.94,Class 1,1034.0,126,-1.0,1400,TURF,GOOD,0.26518391787852863,0.26454709058188364,14.0,107.0,2.0,0,0
12737,90689,5,83.15,5.0,81.16,Class 1,1168.0,126,-12.0,1400,TURF,GOOD,0.26686807653575023,0.26277372262773724,21.0,107.0,0.0,0,1
12738,90690,6,83.13,5.0,80.95,Class 1,1136.0,125,-4.0,1400,TURF,GOOD,0.506429277942631,0.2614023144996596,29.0,106.0,0.0,1,1
12739,90691,7,83.15,5.0,81.09,Class 1,1249.0,123,-16.0,1400,TURF,GOOD,0.4320666319625195,0.26277372262773724,29.0,104.0,2.0,0,1
12741,90693,9,83.5,5.0,81.0,Class 1,1134.0,119,-10.0,1400,TURF,GOOD,0.3131749460043197,0.22427603203943314,29.0,100.0,7.0,0,0
12742,90694,10,83.52,6.0,82.51,Class 1,1201.0,118,-5.0,1400,TURF,GOOD,0.2316715542521994,0.2714776632302405,21.0,99.0,2.0,0,0
12743,90695,11,83.17,5.0,81.76,Class 1,1068.0,114,6.0,1400,TURF,GOOD,0.3818181818181817,0.2357414448669201,21.0,95.0,6.0,0,0
13826,91778,4,69.91,6.0,67.96,Class 1,1105.0,122,-32.0,1200,ALL WEATHER TRACK,GOOD,0.2551813471502591,0.26277372262773724,87.0,99.0,0.0,0,0
13827,91779,5,68.65,6.0,68.41,Class 1,1146.0,117,6.0,1200,ALL WEATHER TRACK,GOOD,0.26686807653575023,0.3948717948717949,32.0,94.0,5.0,1,1
13828,91780,6,70.3,5.0,68.38,Class 1,1041.0,117,-11.0,1200,ALL WEATHER TRACK,GOOD,0.506429277942631,0.2714776632302405,45.0,94.0,-1.0,0,0
13830,91782,8,68.76,5.0,68.56,Class 1,1207.0,111,1.0,1200,ALL WEATHER TRACK,GOOD,0.1568627450980392,0.3948717948717949,7.0,86.0,-1.0,0,0
14211,92163,1,82.67,5.0,81.16,Class 1,1169.0,133,-11.0,1400,TURF,GOOD,0.4320666319625195,0.26277372262773724,29.0,109.0,0.0,0,0
14212,92164,2,82.45,5.0,83.55,Class 1,1145.0,133,6.0,1400,TURF,GOOD,0.32205128205128203,0.26454709058188364,50.0,109.0,-1.0,0,0
14213,92165,3,82.16,5.0,81.0,Class 1,1134.0,124,-3.0,1400,TURF,GOOD,0.506429277942631,0.22427603203943314,29.0,100.0,0.0,0,1
14214,92166,4,83.39,6.0,82.51,Class 1,1190.0,121,-16.0,1400,TURF,GOOD,0.2316715542521994,0.2714776632302405,29.0,97.0,-2.0,0,0
14215,92167,5,82.08,5.0,81.14,Class 1,1178.0,119,-23.0,1400,TURF,GOOD,0.2026431718061674,0.26277372262773724,16.0,95.0,6.0,1,1
14216,92168,6,82.96,7.0,81.84,Class 1,1040.0,116,-1.0,1400,TURF,GOOD,0.12080536912751677,0.2357414448669201,19.0,94.0,0.0,0,0
14217,92169,7,82.84,6.0,81.57,Class 1,1133.0,117,-11.0,1400,TURF,GOOD,0.2329345531315975,0.23462783171521034,12.0,93.0,2.0,0,0
14218,92170,8,82.58,7.0,81.28,Class 1,1048.0,115,-16.0,1400,TURF,GOOD,0.22482435597189696,0.2635294117647059,16.0,91.0,-2.0,0,0
14219,92171,9,82.34,6.0,80.76,Class 1,1096.0,103,-6.0,1400,TURF,GOOD,0.23423423423423426,0.23462783171521034,29.0,87.0,-1.0,0,1
14748,92700,1,69.98,5.0,69.09,Class 1,1151.0,133,6.0,1200,TURF,GOOD TO FIRM,0.32205128205128203,0.26454709058188364,16.0,108.0,-1.0,0,1
14749,92701,2,70.33,5.0,70.25,Class 1,1202.0,133,-8.0,1200,TURF,GOOD TO FIRM,0.3131749460043197,0.2635294117647059,16.0,108.0,0.0,0,0
14751,92703,4,70.56,5.0,69.51,Class 1,1074.0,122,0.0,1200,TURF,GOOD TO FIRM,0.26518391787852863,0.11513859275053305,16.0,97.0,0.0,0,0
14752,92704,5,70.0,6.0,70.23,Class 1,1216.0,120,-2.0,1200,TURF,GOOD TO FIRM,0.4320666319625195,0.2763063707945598,16.0,95.0,3.0,0,0
14753,92705,6,70.38,6.0,69.25,Class 1,1195.0,120,5.0,1200,TURF,GOOD TO FIRM,0.2264957264957265,0.2714776632302405,16.0,95.0,-2.0,0,0
14754,92706,7,70.42,6.0,69.4,Class 1,1135.0,118,2.0,1200,TURF,GOOD TO FIRM,0.2329345531315975,0.23462783171521034,16.0,93.0,0.0,0,0
14755,92707,8,69.9,5.0,69.95,Class 1,1220.0,115,2.0,1200,TURF,GOOD TO FIRM,0.26686807653575023,0.24124513618677046,16.0,90.0,-2.0,1,1
14756,92708,9,70.35,6.0,70.23,Class 1,1068.0,112,17.0,1200,TURF,GOOD TO FIRM,0.12080536912751677,0.2357414448669201,32.0,89.0,0.0,0,0
14757,92709,10,70.44,5.0,69.76,Class 1,1194.0,112,0.0,1200,TURF,GOOD TO FIRM,0.19781553398058246,0.2614023144996596,35.0,89.0,3.0,0,0
14758,92710,11,70.41,5.0,70.03,Class 1,1202.0,113,-5.0,1200,TURF,GOOD TO FIRM,0.22482435597189696,0.22361477572559368,28.0,87.0,1.0,0,0
14759,92711,12,69.9,3.0,69.42,Class 1,1191.0,113,2.0,1200,TURF,GOOD TO FIRM,0.506429277942631,0.26277372262773724,35.0,86.0,6.0,1,1
14760,92712,1,99.26,6.0,101.05,Class 1,1054.0,133,7.0,1650,TURF,GOOD TO FIRM,0.32205128205128203,0.26454709058188364,42.0,109.0,2.0,0,1
14761,92713,2,100.41,7.0,99.72,Class 1,1156.0,133,5.0,1650,TURF,GOOD TO FIRM,0.4320666319625195,0.26277372262773724,10.0,109.0,0.0,0,0
14762,92714,3,99.68,5.0,100.75,Class 1,1205.0,124,3.0,1650,TURF,GOOD TO FIRM,0.506429277942631,0.26277372262773724,10.0,100.0,2.0,0,0
14763,92715,4,99.55,6.0,99.24,Class 1,1086.0,120,20.0,1650,TURF,GOOD TO FIRM,0.1568627450980392,0.24124513618677046,42.0,98.0,-2.0,0,0
14764,92716,5,99.42,7.0,100.28,Class 1,1122.0,118,6.0,1650,TURF,GOOD TO FIRM,0.19781553398058246,0.2614023144996596,21.0,96.0,0.0,0,0
14765,92717,6,99.5,6.0,100.14,Class 1,1129.0,118,-5.0,1650,TURF,GOOD TO FIRM,0.22482435597189696,0.26454709058188364,21.0,94.0,0.0,0,0
14767,92719,8,99.67,6.0,100.26,Class 1,1118.0,113,5.0,1650,TURF,GOOD TO FIRM,0.11684782608695653,0.2763063707945598,24.0,89.0,-1.0,0,0
14768,92720,9,99.35,7.0,100.74,Class 1,1064.0,108,16.0,1650,TURF,GOOD TO FIRM,0.25,0.2635294117647059,16.0,89.0,-2.0,0,0
14769,92721,10,99.34,6.0,99.94,Class 1,1153.0,113,3.0,1650,TURF,GOOD TO FIRM,0.3131749460043197,0.22361477572559368,21.0,87.0,-2.0,0,1
14770,92722,11,99.81,5.0,99.72,Class 1,1106.0,113,12.0,1650,TURF,GOOD TO FIRM,0.26686807653575023,0.2714776632302405,21.0,86.0,1.0,0,0
15235,93187,1,56.45,6.0,55.49,Class 1,1146.0,133,16.0,1000,TURF,GOOD TO FIRM,0.2503209242618742,0.2714776632302405,34.0,128.0,1.0,0,0
15236,93188,2,55.96,6.0,55.16,Class 1,1157.0,131,2.0,1000,TURF,GOOD TO FIRM,0.4320666319625195,0.26277372262773724,34.0,126.0,0.0,0,1
15237,93189,3,55.98,7.0,55.22,Class 1,1160.0,104,-9.0,1000,TURF,GOOD TO FIRM,0.23423423423423426,0.2614023144996596,56.0,109.0,0.0,0,1
15238,93190,4,56.35,4.0,55.66,Class 1,1230.0,113,2.0,1000,TURF,GOOD TO FIRM,0.2329345531315975,0.26277372262773724,56.0,107.0,0.0,0,0
15239,93191,5,55.65,4.0,56.38,Class 1,1104.0,113,-10.0,1000,TURF,GOOD TO FIRM,0.506429277942631,0.3948717948717949,34.0,105.0,10.0,1,1
15240,93192,6,56.21,7.0,55.63,Class 1,1221.0,113,7.0,1000,TURF,GOOD TO FIRM,0.26686807653575023,0.2242152466367713,34.0,95.0,0.0,0,0
15279,93231,1,81.26,5.0,81.16,Class 1,1162.0,133,-7.0,1400,TURF,GOOD TO FIRM,0.26686807653575023,0.26277372262773724,34.0,109.0,0.0,0,0
15280,93232,2,81.53,5.0,82.45,Class 1,1155.0,133,4.0,1400,TURF,GOOD TO FIRM,0.19781553398058246,0.26454709058188364,18.0,109.0,1.0,0,0
15282,93234,4,81.14,6.0,80.77,Class 1,1156.0,132,-3.0,1400,TURF,GOOD TO FIRM,0.2551813471502591,0.2714776632302405,28.0,108.0,-1.0,0,1
15283,93235,5,81.3,5.0,81.0,Class 1,1139.0,127,5.0,1400,TURF,GOOD TO FIRM,0.506429277942631,0.22427603203943314,34.0,103.0,3.0,0,0
15284,93236,6,80.75,5.0,81.14,Class 1,1158.0,125,-11.0,1400,TURF,GOOD TO FIRM,0.2026431718061674,0.26277372262773724,7.0,101.0,0.0,1,1
15285,93237,7,81.31,5.0,81.44,Class 1,1045.0,125,3.0,1400,TURF,GOOD TO FIRM,0.2329345531315975,0.2614023144996596,50.0,101.0,3.0,0,0
15286,93238,8,80.88,5.0,81.76,Class 1,1071.0,121,9.0,1400,TURF,GOOD TO FIRM,0.4320666319625195,0.2357414448669201,56.0,97.0,0.0,0,1
15287,93239,9,81.89,5.0,82.45,Class 1,1025.0,118,3.0,1400,TURF,GOOD TO FIRM,0.0,0.0,364.0,94.0,9.0,0,0
15288,93240,10,81.22,4.0,81.89,Class 1,1016.0,118,3.0,1400,TURF,GOOD TO FIRM,0.2264957264957265,0.23462783171521034,28.0,94.0,0.0,0,0
15701,93653,2,83.9,5.0,81.31,Class 1,1073.0,133,5.0,1400,TURF,GOOD TO YIELDING,0.1963470319634703,0.26277372262773724,21.0,127.0,1.0,0,0
15702,93654,3,83.29,6.0,81.17,Class 1,1155.0,129,1.0,1400,TURF,GOOD TO YIELDING,0.26518391787852863,0.3948717948717949,21.0,123.0,0.0,0,1
15704,93656,5,83.51,5.0,80.88,Class 1,1144.0,123,11.0,1400,TURF,GOOD TO YIELDING,0.4320666319625195,0.3948717948717949,21.0,117.0,0.0,0,0
15705,93657,6,83.23,5.0,81.16,Class 1,1166.0,114,4.0,1400,TURF,GOOD TO YIELDING,0.26686807653575023,0.26277372262773724,14.0,108.0,-1.0,1,1
15706,93658,7,83.46,5.0,80.75,Class 1,1165.0,113,7.0,1400,TURF,GOOD TO YIELDING,0.506429277942631,0.26277372262773724,14.0,107.0,6.0,0,1
15863,93815,1,109.3,6.0,109.46,Class 1,1076.0,128,1.0,1800,TURF,GOOD,0.25,0.2635294117647059,45.0,113.0,-1.0,0,0
15864,93816,2,108.8,6.0,109.85,Class 1,1050.0,130,-4.0,1800,TURF,GOOD,0.32205128205128203,0.26454709058188364,35.0,110.0,1.0,0,1
15865,93817,3,109.07,7.0,108.42,Class 1,1141.0,129,-15.0,1800,TURF,GOOD,0.2551813471502591,0.26277372262773724,35.0,109.0,0.0,0,0
15866,93818,4,109.52,5.0,109.66,Class 1,1204.0,125,0.0,1800,TURF,GOOD,0.2026431718061674,0.26277372262773724,17.0,105.0,0.0,0,0
15867,93819,5,110.02,6.0,108.96,Class 1,1279.0,121,0.0,1800,TURF,GOOD,0.4320666319625195,0.26454709058188364,17.0,101.0,0.0,0,0
15868,93820,6,108.93,6.0,110.35,Class 1,1138.0,115,7.0,1800,TURF,GOOD,0.17372621240024555,0.2714776632302405,31.0,97.0,-2.0,0,0
15869,93821,7,108.83,5.0,108.99,Class 1,1198.0,113,5.0,1800,TURF,GOOD,0.19781553398058246,0.2614023144996596,35.0,95.0,5.0,0,0
15870,93822,8,109.19,6.0,110.3,Class 1,1131.0,104,9.0,1800,TURF,GOOD,0.23423423423423426,0.26454709058188364,10.0,94.0,0.0,0,0
15872,93824,10,108.95,7.0,108.52,Class 1,1206.0,108,-4.0,1800,TURF,GOOD,0.06962785114045618,0.2714776632302405,17.0,92.0,-2.0,0,0
15873,93825,11,108.76,6.0,109.02,Class 1,1147.0,113,-6.0,1800,TURF,GOOD,0.26686807653575023,0.22361477572559368,35.0,90.0,3.0,0,1
15874,93826,12,109.0,6.0,108.32,Class 1,1087.0,113,-10.0,1800,TURF,GOOD,0.18149146451033246,0.24124513618677046,59.0,90.0,-2.0,0,0
16817,94769,2,81.89,5.0,81.53,Class 1,1130.0,123,-6.0,1400,TURF,GOOD,0.2924901185770751,0.26454709058188364,14.0,108.0,-1.0,0,1
16818,94770,3,82.16,4.0,80.86,Class 1,1263.0,132,5.0,1400,TURF,GOOD,0.506429277942631,0.3948717948717949,21.0,107.0,6.0,0,0
16819,94771,4,82.31,4.0,81.69,Class 1,1075.0,120,-4.0,1400,TURF,GOOD,0.2264957264957265,0.2139673105497771,35.0,95.0,0.0,0,0
16820,94772,5,81.87,4.0,81.78,Class 1,1145.0,119,12.0,1400,TURF,GOOD,0.18149146451033246,0.2714776632302405,53.0,94.0,0.0,0,1
16821,94773,6,82.89,6.0,81.7,Class 1,1140.0,110,-2.0,1400,TURF,GOOD,0.15746753246753248,0.23462783171521034,18.0,92.0,0.0,0,0
16822,94774,7,82.36,6.0,82.15,Class 1,1056.0,114,10.0,1400,TURF,GOOD,0.1568627450980392,0.24124513618677046,28.0,91.0,-2.0,0,0
16823,94775,8,82.89,5.0,81.49,Class 1,1182.0,106,0.0,1400,TURF,GOOD,0.23423423423423426,0.26454709058188364,21.0,91.0,-1.0,0,0
16824,94776,9,81.87,5.0,81.91,Class 1,1146.0,114,2.0,1400,TURF,GOOD,0.17372621240024555,0.26277372262773724,35.0,91.0,-1.0,1,1
16825,94777,10,81.96,4.0,81.08,Class 1,1147.0,116,11.0,1400,TURF,GOOD,0.26686807653575023,0.26277372262773724,21.0,91.0,0.0,0,0
17408,95360,1,81.73,6.0,81.51,Class 1,1093.0,128,3.0,1400,TURF,GOOD,0.25,0.2635294117647059,34.0,110.0,-1.0,0,1
17409,95361,2,82.12,5.0,81.53,Class 1,1133.0,126,3.0,1400,TURF,GOOD,0.15746753246753248,0.26454709058188364,20.0,110.0,2.0,0,0
17410,95362,3,81.48,4.0,81.95,Class 1,1079.0,127,-3.0,1400,TURF,GOOD,0.4320666319625195,0.2714776632302405,31.0,104.0,9.0,1,1
17411,95363,4,82.65,6.0,81.74,Class 1,1123.0,122,-17.0,1400,TURF,GOOD,0.1568627450980392,0.3948717948717949,73.0,101.0,2.0,0,0
17412,95364,5,81.83,4.0,81.78,Class 1,1148.0,119,3.0,1400,TURF,GOOD,0.2503209242618742,0.2714776632302405,20.0,96.0,2.0,0,1
17413,95365,6,82.4,5.0,81.87,Class 1,1143.0,117,-3.0,1400,TURF,GOOD,0.17372621240024555,0.26277372262773724,20.0,96.0,5.0,0,0
17414,95366,7,82.04,6.0,83.9,Class 1,1094.0,114,5.0,1400,TURF,GOOD,0.26686807653575023,0.26277372262773724,26.0,91.0,1.0,0,0
19289,97241,1,96.4,6.0,94.64,Class 1,1094.0,133,-3.0,1600,TURF,GOOD TO YIELDING,0.06944444444444445,0.2635294117647059,21.0,115.0,5.0,0,0
19290,97242,2,96.0,6.0,93.81,Class 1,1171.0,128,17.0,1600,TURF,GOOD TO YIELDING,0.2551813471502591,0.2714776632302405,21.0,110.0,0.0,0,0
19291,97243,3,95.67,4.0,93.74,Class 1,1183.0,123,12.0,1600,TURF,GOOD TO YIELDING,0.2026431718061674,0.26277372262773724,42.0,105.0,6.0,0,1
19293,97245,5,96.38,6.0,94.68,Class 1,1279.0,108,9.0,1600,TURF,GOOD TO YIELDING,0.2924901185770751,0.26454709058188364,7.0,97.0,-1.0,0,0
19295,97247,7,96.06,5.0,94.12,Class 1,1259.0,113,29.0,1600,TURF,GOOD TO YIELDING,0.26686807653575023,0.2714776632302405,32.0,92.0,0.0,0,0
19296,97248,8,97.8,6.0,94.73,Class 1,1129.0,111,-14.0,1600,TURF,GOOD TO YIELDING,0.1568627450980392,0.2714776632302405,42.0,91.0,0.0,0,0
19359,97311,1,68.54,6.0,68.36,Class 1,1128.0,133,11.0,1200,TURF,GOOD,0.4320666319625195,0.2614023144996596,119.0,123.0,0.0,0,1
19360,97312,2,68.64,4.0,68.64,Class 1,1026.0,118,6.0,1200,TURF,GOOD,0.1963470319634703,0.26277372262773724,70.0,108.0,0.0,0,0
19361,97313,3,68.59,6.0,68.76,Class 1,1140.0,110,21.0,1200,TURF,GOOD,0.2924901185770751,0.22427603203943314,98.0,107.0,-1.0,0,1
19362,97314,4,68.32,5.0,70.01,Class 1,1029.0,117,8.0,1200,TURF,GOOD,0.506429277942631,0.26454709058188364,77.0,107.0,8.0,1,1
19363,97315,5,70.32,6.0,68.46,Class 1,1199.0,113,-2.0,1200,TURF,GOOD,0.2329345531315975,0.2635294117647059,98.0,103.0,-4.0,0,0
19364,97316,6,69.2,5.0,69.37,Class 1,1169.0,106,-3.0,1200,TURF,GOOD,0.23423423423423426,0.23462783171521034,77.0,99.0,8.0,0,0
19365,97317,7,69.08,5.0,70.68,Class 1,1131.0,113,9.0,1200,TURF,GOOD,0.26686807653575023,0.24124513618677046,53.0,93.0,6.0,0,0
19612,97564,1,81.36,7.0,81.51,Class 1,1089.0,133,-5.0,1400,TURF,GOOD,0.2264957264957265,0.2635294117647059,56.0,115.0,0.0,0,1
19613,97565,2,81.83,7.0,80.77,Class 1,1169.0,128,-2.0,1400,TURF,GOOD,0.506429277942631,0.2714776632302405,56.0,110.0,0.0,0,0
19614,97566,3,81.28,5.0,81.43,Class 1,1109.0,128,33.0,1400,TURF,GOOD,0.4320666319625195,0.2714776632302405,77.0,110.0,0.0,0,1
19615,97567,4,82.34,4.0,81.5,Class 1,1021.0,126,-5.0,1400,TURF,GOOD,0.1963470319634703,0.26277372262773724,7.0,108.0,0.0,0,0
19616,97568,5,82.02,5.0,80.9,Class 1,980.0,121,1.0,1400,TURF,GOOD,0.17372621240024555,0.24124513618677046,154.0,105.0,0.0,0,0
19617,97569,6,81.15,6.0,81.04,Class 1,1055.0,119,22.0,1400,TURF,GOOD,0.2329345531315975,0.2614023144996596,77.0,101.0,0.0,1,1
19618,97570,7,82.83,7.0,82.66,Class 1,1278.0,113,-1.0,1400,TURF,GOOD,0.11684782608695653,0.26454709058188364,56.0,95.0,-2.0,0,0
19619,97571,8,81.42,6.0,81.77,Class 1,1111.0,106,-5.0,1400,TURF,GOOD,0.2924901185770751,0.2357414448669201,7.0,91.0,1.0,0,0
21490,99442,1,82.11,4.0,82.31,Class 1,1185.0,133,20.0,1400,TURF,GOOD TO FIRM,0.2026431718061674,0.26277372262773724,20.0,109.0,2.0,0,0
21491,99443,2,82.41,4.0,81.5,Class 1,1026.0,131,4.0,1400,TURF,GOOD TO FIRM,0.2551813471502591,0.26277372262773724,20.0,107.0,0.0,0,0
21492,99444,3,81.58,5.0,80.86,Class 1,1258.0,131,-10.0,1400,TURF,GOOD TO FIRM,0.506429277942631,0.3948717948717949,20.0,107.0,0.0,1,1
21493,99445,4,81.97,5.0,80.89,Class 1,994.0,127,30.0,1400,TURF,GOOD TO FIRM,0.2264957264957265,0.23462783171521034,41.0,103.0,0.0,0,0
21494,99446,5,81.68,6.0,81.0,Class 1,1144.0,125,11.0,1400,TURF,GOOD TO FIRM,0.32205128205128203,0.22427603203943314,34.0,101.0,1.0,0,1
21495,99447,6,82.35,6.0,80.88,Class 1,1113.0,120,16.0,1400,TURF,GOOD TO FIRM,0.19781553398058246,0.2357414448669201,20.0,98.0,0.0,0,0
21496,99448,7,81.85,4.0,81.04,Class 1,1126.0,121,50.0,1400,TURF,GOOD TO FIRM,0.2329345531315975,0.24124513618677046,133.0,97.0,0.0,0,0
21497,99449,8,81.58,5.0,81.41,Class 1,1061.0,113,5.0,1400,TURF,GOOD TO FIRM,0.2924901185770751,0.2714776632302405,28.0,96.0,0.0,0,1
21499,99451,10,82.2,5.0,81.08,Class 1,1167.0,113,9.0,1400,TURF,GOOD TO FIRM,0.26686807653575023,0.26277372262773724,10.0,89.0,-1.0,0,0
21894,99846,1,95.35,4.0,93.6,Class 1,1195.0,133,10.0,1600,TURF,GOOD,0.1963470319634703,0.26277372262773724,15.0,109.0,0.0,0,0
21895,99847,2,95.21,7.0,93.81,Class 1,1176.0,130,-5.0,1600,TURF,GOOD,0.2551813471502591,0.2714776632302405,21.0,106.0,0.0,0,0
21896,99848,3,94.98,5.0,94.22,Class 1,993.0,122,8.0,1600,TURF,GOOD,0.17372621240024555,0.24124513618677046,21.0,100.0,-2.0,0,0
21897,99849,4,95.13,5.0,93.71,Class 1,1173.0,123,-7.0,1600,TURF,GOOD,0.506429277942631,0.3948717948717949,25.0,99.0,-1.0,0,0
21898,99850,5,95.37,6.0,94.02,Class 1,1117.0,113,4.0,1600,TURF,GOOD,0.2924901185770751,0.2357414448669201,15.0,96.0,-2.0,0,0
21899,99851,6,94.82,5.0,94.32,Class 1,1055.0,116,18.0,1600,TURF,GOOD,0.2329345531315975,0.2614023144996596,43.0,92.0,5.0,0,1
21902,99854,9,96.3,6.0,94.75,Class 1,1235.0,114,-6.0,1600,TURF,GOOD,0.22482435597189696,0.2763063707945598,21.0,90.0,0.0,0,0
21903,99855,10,95.82,5.0,94.81,Class 1,1168.0,111,1.0,1600,TURF,GOOD,0.19781553398058246,0.26277372262773724,15.0,87.0,-2.0,0,0
22305,100257,1,83.08,6.0,81.16,Class 1,1192.0,124,2.0,1400,TURF,GOOD,0.23423423423423426,0.26277372262773724,21.0,115.0,0.0,0,0
22306,100258,2,81.4,6.0,81.28,Class 1,1236.0,130,-13.0,1400,TURF,GOOD,0.26518391787852863,0.2714776632302405,21.0,114.0,0.0,0,1
22307,100259,3,81.61,5.0,81.28,Class 1,1109.0,127,-11.0,1400,TURF,GOOD,0.18149146451033246,0.2714776632302405,21.0,111.0,0.0,0,0
22308,100260,4,81.62,7.0,81.21,Class 1,1173.0,126,2.0,1400,TURF,GOOD,0.2503209242618742,0.36607142857142855,326.0,110.0,0.0,0,0
22309,100261,5,81.74,6.0,81.04,Class 1,1055.0,125,14.0,1400,TURF,GOOD,0.2329345531315975,0.2614023144996596,21.0,109.0,0.0,0,0
22310,100262,6,81.26,4.0,81.35,Class 1,1154.0,125,0.0,1400,TURF,GOOD,0.506429277942631,0.3948717948717949,49.0,109.0,11.0,0,1
22311,100263,7,81.63,4.0,81.5,Class 1,1027.0,121,1.0,1400,TURF,GOOD,0.1963470319634703,0.26277372262773724,29.0,105.0,-2.0,0,0
22312,100264,8,81.79,6.0,81.0,Class 1,1150.0,118,6.0,1400,TURF,GOOD,0.11564625850340135,0.22427603203943314,29.0,102.0,1.0,0,0
24402,102354,1,81.12,6.0,81.04,Class 1,1065.0,133,10.0,1400,TURF,GOOD,0.32205128205128203,0.2614023144996596,70.0,109.0,0.0,0,1
24403,102355,2,81.24,5.0,82.11,Class 1,1186.0,132,-9.0,1400,TURF,GOOD,0.2026431718061674,0.26277372262773724,84.0,108.0,-1.0,0,1
24404,102356,3,81.06,8.0,81.21,Class 1,1229.0,131,42.0,1400,TURF,GOOD,0.2329345531315975,0.36607142857142855,48.0,107.0,-2.0,1,1
24405,102357,4,81.5,6.0,81.41,Class 1,1064.0,130,7.0,1400,TURF,GOOD,0.506429277942631,0.2714776632302405,28.0,106.0,2.0,0,0
24406,102358,5,81.4,7.0,80.77,Class 1,1165.0,126,-9.0,1400,TURF,GOOD,0.2264957264957265,0.2714776632302405,39.0,102.0,-2.0,0,0
24407,102359,6,82.15,6.0,81.0,Class 1,1142.0,124,-5.0,1400,TURF,GOOD,0.4320666319625195,0.22427603203943314,14.0,100.0,-2.0,0,0
24408,102360,7,83.34,4.0,81.5,Class 1,1044.0,123,10.0,1400,TURF,GOOD,0.1963470319634703,0.26277372262773724,28.0,99.0,-2.0,0,0
24409,102361,8,81.38,6.0,80.88,Class 1,1103.0,116,1.0,1400,TURF,GOOD,0.22482435597189696,0.2357414448669201,70.0,92.0,-2.0,0,0
24450,102402,1,100.56,5.0,99.28,Class 1,1129.0,133,11.0,1650,TURF,GOOD,0.4320666319625195,0.2714776632302405,51.0,108.0,-2.0,0,1
24451,102403,2,100.79,6.0,99.75,Class 1,991.0,127,8.0,1650,TURF,GOOD,0.2329345531315975,0.2635294117647059,24.0,102.0,0.0,0,0
24452,102404,3,100.5,6.0,99.22,Class 1,1212.0,117,-8.0,1650,TURF,GOOD,0.2924901185770751,0.2614023144996596,14.0,99.0,5.0,1,1
24456,102408,7,100.71,7.0,99.31,Class 1,1141.0,111,-8.0,1650,TURF,GOOD,0.19781553398058246,0.22361477572559368,14.0,87.0,-1.0,0,1
24493,102445,1,69.66,7.0,68.96,Class 1,1195.0,133,-17.0,1200,TURF,GOOD,0.4320666319625195,0.2763063707945598,45.0,107.0,0.0,0,0
24494,102446,2,69.11,7.0,69.1,Class 1,1095.0,129,20.0,1200,TURF,GOOD,0.2551813471502591,0.25961538461538464,31.0,103.0,0.0,1,1
24495,102447,3,69.48,5.0,69.37,Class 1,1248.0,129,-14.0,1200,TURF,GOOD,0.32205128205128203,0.3948717948717949,11.0,103.0,0.0,0,1
24496,102448,4,69.7,5.0,69.76,Class 1,1148.0,126,-10.0,1200,TURF,GOOD,0.21557719054242006,0.3948717948717949,11.0,100.0,6.0,0,0
24497,102449,5,69.94,7.0,69.13,Class 1,1114.0,116,12.0,1200,TURF,GOOD,0.2924901185770751,0.2357414448669201,17.0,97.0,2.0,0,0
24498,102450,6,69.62,5.0,69.69,Class 1,1159.0,119,5.0,1200,TURF,GOOD,0.506429277942631,0.2714776632302405,21.0,93.0,2.0,0,1
24499,102451,7,69.82,6.0,69.66,Class 1,1189.0,119,-5.0,1200,TURF,GOOD,0.26518391787852863,0.21339139902014154,21.0,93.0,6.0,0,0
24500,102452,8,69.75,4.0,69.4,Class 1,1224.0,110,-31.0,1200,TURF,GOOD,0.23423423423423426,0.26277372262773724,21.0,89.0,-2.0,0,0
24502,102454,10,70.02,6.0,69.76,Class 1,1039.0,111,-13.0,1200,TURF,GOOD,0.1568627450980392,0.19189907038512616,7.0,85.0,0.0,0,0
25047,102999,1,68.3,6.0,68.27,Class 1,1175.0,133,0.0,1200,TURF,GOOD,0.26518391787852863,0.3948717948717949,91.0,123.0,-1.0,1,1
25048,103000,2,68.78,7.0,68.26,Class 1,1154.0,121,-24.0,1200,TURF,GOOD,0.2924901185770751,0.26277372262773724,42.0,118.0,-2.0,0,0
25049,103001,3,68.61,7.0,68.08,Class 1,1158.0,123,2.0,1200,TURF,GOOD,0.2503209242618742,0.2714776632302405,14.0,113.0,-5.0,0,0
25050,103002,4,68.68,7.0,68.56,Class 1,1093.0,121,-2.0,1200,TURF,GOOD,0.2551813471502591,0.25961538461538464,18.0,111.0,8.0,0,0
25051,103003,5,68.94,8.0,68.37,Class 1,1230.0,121,1.0,1200,TURF,GOOD,0.2329345531315975,0.36607142857142855,21.0,111.0,4.0,0,0
25053,103005,7,68.7,7.0,70.31,Class 1,1205.0,115,10.0,1200,TURF,GOOD,0.1568627450980392,0.2763063707945598,18.0,107.0,0.0,0,0
25054,103006,8,69.27,6.0,68.91,Class 1,1053.0,111,-11.0,1200,TURF,GOOD,0.23423423423423426,0.2714776632302405,21.0,106.0,0.0,0,0
25055,103007,9,69.6,5.0,68.79,Class 1,1248.0,113,0.0,1200,TURF,GOOD,0.26686807653575023,0.3948717948717949,18.0,103.0,0.0,0,0
25056,103008,10,68.4,6.0,68.47,Class 1,1120.0,108,-3.0,1200,TURF,GOOD,0.15746753246753248,0.22427603203943314,29.0,102.0,0.0,0,1
25057,103009,11,68.57,4.0,68.44,Class 1,1023.0,111,-21.0,1200,TURF,GOOD,0.19781553398058246,0.26277372262773724,21.0,97.0,-2.0,0,0
25221,103173,1,95.74,5.0,94.1,Class 1,1177.0,133,5.0,1600,TURF,GOOD,0.506429277942631,0.2714776632302405,21.0,123.0,23.0,0,0
25222,103174,2,96.21,7.0,93.22,Class 1,1160.0,132,-3.0,1600,TURF,GOOD,0.4320666319625195,0.2714776632302405,21.0,122.0,-1.0,0,0
25223,103175,3,95.94,5.0,93.79,Class 1,1242.0,132,-6.0,1600,TURF,GOOD,0.32592592592592595,0.3948717948717949,21.0,122.0,0.0,0,0
25224,103176,4,95.44,5.0,94.89,Class 1,1164.0,128,-5.0,1600,TURF,GOOD,0.2329345531315975,0.24124513618677046,21.0,118.0,10.0,1,1
25225,103177,5,95.71,6.0,93.66,Class 1,1135.0,121,-17.0,1600,TURF,GOOD,0.2316715542521994,0.24124513618677046,21.0,111.0,-6.0,0,1
25590,103542,1,107.83,5.0,110.14,Class 1,1069.0,133,-17.0,1800,TURF,GOOD TO FIRM,0.26518391787852863,0.26277372262773724,31.0,116.0,0.0,0,1
25592,103544,3,107.94,5.0,109.03,Class 1,1047.0,131,-14.0,1800,TURF,GOOD TO FIRM,0.506429277942631,0.3948717948717949,31.0,114.0,14.0,0,1
25593,103545,4,108.57,7.0,109.3,Class 1,1093.0,129,13.0,1800,TURF,GOOD TO FIRM,0.2329345531315975,0.2635294117647059,52.0,112.0,-2.0,0,0
25595,103547,6,108.07,7.0,108.62,Class 1,1162.0,124,-3.0,1800,TURF,GOOD TO FIRM,0.2551813471502591,0.2714776632302405,38.0,107.0,5.0,0,0
25596,103548,7,108.23,6.0,108.61,Class 1,1207.0,116,-5.0,1800,TURF,GOOD TO FIRM,0.2924901185770751,0.2614023144996596,35.0,104.0,5.0,0,0
25597,103549,8,108.21,5.0,111.68,Class 1,1063.0,113,-14.0,1800,TURF,GOOD TO FIRM,0.18149146451033246,0.3948717948717949,17.0,95.0,0.0,0,0
25598,103550,9,108.61,4.0,109.84,Class 1,1191.0,113,-7.0,1800,TURF,GOOD TO FIRM,0.10614525139664804,0.26277372262773724,10.0,91.0,0.0,0,0
25599,103551,10,108.4,7.0,108.95,Class 1,1134.0,113,-7.0,1800,TURF,GOOD TO FIRM,0.19781553398058246,0.22361477572559368,35.0,88.0,1.0,0,0
25600,103552,11,110.03,6.0,111.71,Class 1,1118.0,111,7.0,1800,TURF,GOOD TO FIRM,0.1568627450980392,0.26454709058188364,38.0,87.0,5.0,0,0
26431,104383,1,82.46,5.0,81.28,Class 1,1107.0,133,-10.0,1400,TURF,GOOD,0.1493212669683258,0.2714776632302405,21.0,115.0,5.0,0,0
26432,104384,2,84.01,7.0,81.79,Class 1,1154.0,132,-6.0,1400,TURF,GOOD,0.26518391787852863,0.26277372262773724,21.0,114.0,-4.0,0,0
26433,104385,3,82.14,8.0,81.06,Class 1,1231.0,129,5.0,1400,TURF,GOOD,0.4320666319625195,0.36607142857142855,21.0,111.0,0.0,0,1
26434,104386,4,82.9,6.0,81.04,Class 1,1049.0,128,-18.0,1400,TURF,GOOD,0.2503209242618742,0.2614023144996596,32.0,110.0,0.0,0,0
26435,104387,5,81.98,7.0,80.77,Class 1,1159.0,125,-3.0,1400,TURF,GOOD,0.2551813471502591,0.2714776632302405,32.0,107.0,0.0,0,1
26436,104388,6,82.72,7.0,82.1,Class 1,1175.0,124,-30.0,1400,TURF,GOOD,0.26686807653575023,0.2763063707945598,49.0,106.0,-1.0,0,0
26437,104389,7,82.28,6.0,81.41,Class 1,1050.0,123,-3.0,1400,TURF,GOOD,0.1963470319634703,0.2714776632302405,49.0,105.0,-1.0,0,0
26438,104390,8,82.42,6.0,80.93,Class 1,988.0,119,-3.0,1400,TURF,GOOD,0.2329345531315975,0.2635294117647059,67.0,101.0,-1.0,0,0
26439,104391,9,82.15,6.0,81.0,Class 1,1122.0,116,-17.0,1400,TURF,GOOD,0.1568627450980392,0.22427603203943314,27.0,100.0,0.0,0,0
26440,104392,10,81.9,5.0,81.14,Class 1,1147.0,114,-14.0,1400,TURF,GOOD,0.506429277942631,0.3948717948717949,27.0,96.0,9.0,1,1
26441,104393,11,82.51,7.0,82.17,Class 1,1124.0,108,9.0,1400,TURF,GOOD,0.15746753246753248,0.2763063707945598,18.0,90.0,6.0,0,0
26894,104846,1,81.84,6.0,81.11,Class 1,1113.0,133,1.0,1400,TURF,GOOD,0.2264957264957265,0.24124513618677046,34.0,110.0,-1.0,0,0
26895,104847,2,81.68,7.0,80.77,Class 1,1166.0,132,7.0,1400,TURF,GOOD,0.2551813471502591,0.2714776632302405,13.0,109.0,2.0,0,0
26896,104848,3,81.41,4.0,81.69,Class 1,1009.0,126,-2.0,1400,TURF,GOOD,0.1963470319634703,0.2714776632302405,55.0,103.0,3.0,0,1
26898,104850,5,81.33,6.0,81.0,Class 1,1115.0,123,-7.0,1400,TURF,GOOD,0.1568627450980392,0.22427603203943314,13.0,100.0,0.0,0,1
26899,104851,6,81.6,6.0,82.11,Class 1,1184.0,122,-10.0,1400,TURF,GOOD,0.26518391787852863,0.21339139902014154,55.0,99.0,6.0,0,0
26900,104852,7,81.15,5.0,81.78,Class 1,1152.0,121,8.0,1400,TURF,GOOD,0.2503209242618742,0.2714776632302405,27.0,98.0,0.0,1,1
26901,104853,8,82.03,4.0,81.5,Class 1,1008.0,119,2.0,1400,TURF,GOOD,0.4320666319625195,0.26277372262773724,13.0,96.0,-2.0,0,0
26902,104854,9,81.85,8.0,81.37,Class 1,1095.0,119,-10.0,1400,TURF,GOOD,0.10614525139664804,0.25961538461538464,34.0,96.0,6.0,0,0
26903,104855,10,82.58,6.0,81.8,Class 1,1022.0,118,50.0,1400,TURF,GOOD,0.0,0.0,433.0,95.0,10.0,0,0
26904,104856,11,81.89,5.0,86.64,Class 1,1135.0,120,-1.0,1400,TURF,GOOD,0.506429277942631,0.3948717948717949,10.0,97.0,0.0,0,0
26905,104857,12,81.46,4.0,81.51,Class 1,1084.0,113,10.0,1400,TURF,GOOD,0.26686807653575023,0.3948717948717949,10.0,90.0,0.0,0,0
28744,106696,2,96.49,5.0,93.2,Class 1,1040.0,132,-6.0,1600,TURF,YIELDING,0.2026431718061674,0.3948717948717949,21.0,112.0,-1.0,0,0
28745,106697,3,95.18,6.0,93.64,Class 1,1025.0,124,-24.0,1600,TURF,YIELDING,0.2924901185770751,0.2614023144996596,77.0,109.0,-1.0,0,1
28746,106698,4,96.82,5.0,94.1,Class 1,1062.0,123,8.0,1600,TURF,YIELDING,0.15746753246753248,0.3948717948717949,21.0,106.0,0.0,0,0
28747,106699,5,95.81,7.0,93.53,Class 1,1163.0,124,-4.0,1600,TURF,YIELDING,0.17372621240024555,0.2714776632302405,21.0,106.0,-2.0,0,0
28748,106700,6,95.72,6.0,93.66,Class 1,1126.0,124,-7.0,1600,TURF,YIELDING,0.2329345531315975,0.24124513618677046,21.0,104.0,-2.0,0,0
28749,106701,7,95.26,4.0,93.96,Class 1,981.0,120,15.0,1600,TURF,YIELDING,0.506429277942631,0.2714776632302405,18.0,100.0,9.0,0,0
28750,106702,8,94.45,4.0,93.91,Class 1,1075.0,119,3.0,1600,TURF,YIELDING,0.4320666319625195,0.24124513618677046,56.0,99.0,7.0,1,1
28752,106704,10,94.71,4.0,93.51,Class 1,1076.0,113,3.0,1600,TURF,YIELDING,0.26686807653575023,0.26277372262773724,11.0,91.0,-2.0,0,1
28815,106767,1,69.19,6.0,69.08,Class 1,1149.0,133,-10.0,1200,TURF,GOOD,0.2329345531315975,0.24124513618677046,126.0,123.0,5.0,0,0
28816,106768,2,68.27,6.0,68.17,Class 1,1109.0,130,3.0,1200,TURF,GOOD,0.4320666319625195,0.2714776632302405,70.0,120.0,0.0,1,1
28817,106769,3,68.34,7.0,68.33,Class 1,1082.0,123,4.0,1200,TURF,GOOD,0.2551813471502591,0.25961538461538464,49.0,113.0,0.0,0,1
28818,106770,4,69.7,7.0,68.35,Class 1,1137.0,110,25.0,1200,TURF,GOOD,0.15746753246753248,0.22427603203943314,98.0,102.0,-1.0,0,0
28819,106771,5,69.27,6.0,68.23,Class 1,1191.0,111,-4.0,1200,TURF,GOOD,0.1568627450980392,0.25961538461538464,53.0,99.0,0.0,0,0
28820,106772,6,68.74,5.0,69.08,Class 1,1261.0,110,24.0,1200,TURF,GOOD,0.06962785114045618,0.2714776632302405,63.0,95.0,6.0,0,0
28821,106773,7,68.67,5.0,68.55,Class 1,1175.0,113,5.0,1200,TURF,GOOD,0.26686807653575023,0.22641509433962265,91.0,92.0,1.0,0,1
28997,106949,1,82.33,8.0,81.36,Class 1,1061.0,129,-21.0,1400,TURF,GOOD,0.2264957264957265,0.21339139902014154,77.0,112.0,0.0,0,0
28998,106950,2,82.03,7.0,81.04,Class 1,1064.0,124,39.0,1400,TURF,GOOD,0.2329345531315975,0.2614023144996596,56.0,107.0,-2.0,0,1
28999,106951,3,81.72,8.0,80.77,Class 1,1164.0,121,1.0,1400,TURF,GOOD,0.26686807653575023,0.2714776632302405,56.0,104.0,-2.0,1,1
29000,106952,4,82.28,7.0,83.22,Class 1,1233.0,118,34.0,1400,TURF,GOOD,0.27710843373493976,0.2614023144996596,77.0,101.0,-2.0,0,0
29001,106953,5,81.85,5.0,81.1,Class 1,1146.0,118,-4.0,1400,TURF,GOOD,0.2551813471502591,0.22641509433962265,7.0,101.0,2.0,0,1
30700,108652,1,81.89,5.0,80.57,Class 1,1187.0,133,18.0,1400,TURF,GOOD,0.2503209242618742,0.2714776632302405,20.0,109.0,0.0,0,0
30701,108653,2,81.91,7.0,81.04,Class 1,1059.0,131,-5.0,1400,TURF,GOOD,0.22482435597189696,0.2614023144996596,62.0,107.0,0.0,0,0
30702,108654,3,83.47,7.0,81.7,Class 1,1156.0,126,-6.0,1400,TURF,GOOD,0.15746753246753248,0.23462783171521034,139.0,105.0,8.0,0,0
30703,108655,4,81.55,6.0,81.14,Class 1,1155.0,127,8.0,1400,TURF,GOOD,0.18149146451033246,0.3948717948717949,195.0,103.0,0.0,0,0
30704,108656,5,81.49,4.0,81.46,Class 1,1098.0,126,19.0,1400,TURF,GOOD,0.2026431718061674,0.3948717948717949,10.0,102.0,7.0,0,0
30705,108657,6,81.91,4.0,82.0,Class 1,1002.0,126,20.0,1400,TURF,GOOD,0.3131749460043197,0.25961538461538464,40.0,102.0,2.0,0,0
30707,108659,8,81.11,5.0,81.1,Class 1,1154.0,126,8.0,1400,TURF,GOOD,0.2329345531315975,0.22641509433962265,62.0,102.0,1.0,1,1
30708,108660,9,81.54,4.0,81.66,Class 1,1123.0,126,14.0,1400,TURF,GOOD,0.2551813471502591,0.36607142857142855,20.0,102.0,2.0,0,0
30709,108661,10,81.34,5.0,81.3,Class 1,1198.0,125,8.0,1400,TURF,GOOD,0.26686807653575023,0.36607142857142855,34.0,101.0,6.0,0,0
30710,108662,11,82.06,6.0,80.86,Class 1,1158.0,122,19.0,1400,TURF,GOOD,0.27710843373493976,0.24124513618677046,20.0,98.0,-2.0,0,0
30711,108663,12,82.52,6.0,81.41,Class 1,1062.0,115,14.0,1400,TURF,GOOD,0.2685185185185185,0.2714776632302405,34.0,98.0,0.0,0,0
30712,108664,13,82.0,6.0,80.89,Class 1,998.0,120,-9.0,1400,TURF,GOOD,0.06944444444444445,0.23462783171521034,237.0,96.0,-4.0,0,0
30713,108665,14,81.17,5.0,81.16,Class 1,1315.0,118,44.0,1400,TURF,GOOD,0.2264957264957265,0.3948717948717949,139.0,94.0,0.0,0,1
31106,109058,1,96.41,8.0,93.53,Class 1,1167.0,133,5.0,1600,TURF,GOOD TO YIELDING,0.3131749460043197,0.2714776632302405,55.0,109.0,0.0,0,0
31107,109059,2,96.71,8.0,94.35,Class 1,1062.0,132,-18.0,1600,TURF,GOOD TO YIELDING,0.10614525139664804,0.21339139902014154,7.0,108.0,-2.0,0,0
31108,109060,3,96.12,5.0,94.45,Class 1,1146.0,132,-8.0,1600,TURF,GOOD TO YIELDING,0.2329345531315975,0.22641509433962265,15.0,108.0,6.0,0,0
31109,109061,4,95.93,4.0,93.91,Class 1,1064.0,131,-19.0,1600,TURF,GOOD TO YIELDING,0.4320666319625195,0.24124513618677046,35.0,107.0,0.0,0,1
31110,109062,5,96.16,5.0,93.2,Class 1,1052.0,129,-4.0,1600,TURF,GOOD TO YIELDING,0.2026431718061674,0.3948717948717949,21.0,105.0,-2.0,0,0
31111,109063,6,97.63,7.0,93.64,Class 1,1037.0,129,-22.0,1600,TURF,GOOD TO YIELDING,0.18149146451033246,0.2614023144996596,15.0,105.0,-2.0,0,0
31112,109064,7,95.7,6.0,94.35,Class 1,1148.0,127,-7.0,1600,TURF,GOOD TO YIELDING,0.4,0.3948717948717949,15.0,103.0,0.0,0,1
31114,109066,9,95.64,4.0,93.12,Class 1,1123.0,126,0.0,1600,TURF,GOOD TO YIELDING,0.22482435597189696,0.36607142857142855,15.0,102.0,0.0,1,1
31115,109067,10,96.41,5.0,93.78,Class 1,1199.0,125,1.0,1600,TURF,GOOD TO YIELDING,0.26686807653575023,0.36607142857142855,15.0,101.0,0.0,0,0
